{"0.99": [{"etaBL": 1.0, "keyrate": 0.5867025160502315, "probabilities": {"AT_probs": {"(0, 0)": {"(0, 0)": 0.43686517746538994, "(0, 1)": 0.10665959858261005, "(1, 0)": 0.10665959858261005, "(1, 1)": 0.34981562536939}, "(0, 1)": {"(0, 0)": 0.43686517746538994, "(0, 1)": 0.10665959858261005, "(1, 0)": 0.10665959858261005, "(1, 1)": 0.34981562536939}, "(1, 0)": {"(0, 0)": 0.43686517746538994, "(0, 1)": 0.1066595985826101, "(1, 0)": 0.1066595985826101, "(1, 1)": 0.34981562536939}, "(1, 1)": {"(0, 0)": 0.15397318689066725, "(0, 1)": 0.38955158915733284, "(1, 0)": 0.38955158915733284, "(1, 1)": 0.06692363479466716}}, "AB_test_probs": {"(0, 1)": {"(0, 0)": 0.4534371377023265, "(0, 1)": 0.0900876383456735, "(1, 0)": 0.16101129979767345, "(1, 1)": 0.29546392415432654}, "(0, 2)": {"(0, 0)": 0.4534371377023265, "(0, 1)": 0.0900876383456735, "(1, 0)": 0.16101129979767345, "(1, 1)": 0.29546392415432654}, "(1, 0)": {"(0, 0)": 0.33396794938523106, "(0, 1)": 0.20955682666276898, "(1, 0)": 0.280480488114769, "(1, 1)": 0.17599473583723105}, "(1, 1)": {"(0, 0)": 0.45343713770232646, "(0, 1)": 0.09008763834567353, "(1, 0)": 0.16101129979767345, "(1, 1)": 0.29546392415432654}, "(1, 2)": {"(0, 0)": 0.21449876106813562, "(0, 1)": 0.32902601497986456, "(1, 0)": 0.3999496764318644, "(1, 1)": 0.05652554752013554}}, "AB_key_probs": {"(0, 0)": {"(0, 0)": 0.5029228957889728, "(0, 1)": 0.04060188025902722, "(1, 0)": 0.11152554171102719, "(1, 1)": 0.3449496822409728}}, "S": 2.715290039756342, "H_A_given_B": 0.14144054254182076}}, {"etaBL": 0.975, "keyrate": 0.46398618124676666, "probabilities": {"AT_probs": {"(0, 0)": {"(0, 0)": 0.43686517746538994, "(0, 1)": 0.10665959858261005, "(1, 0)": 0.10665959858261005, "(1, 1)": 0.34981562536939}, "(0, 1)": {"(0, 0)": 0.43686517746538994, "(0, 1)": 0.10665959858261005, "(1, 0)": 0.10665959858261005, "(1, 1)": 0.34981562536939}, "(1, 0)": {"(0, 0)": 0.43686517746538994, "(0, 1)": 0.1066595985826101, "(1, 0)": 0.1066595985826101, "(1, 1)": 0.34981562536939}, "(1, 1)": {"(0, 0)": 0.15397318689066725, "(0, 1)": 0.38955158915733284, "(1, 0)": 0.38955158915733284, "(1, 1)": 0.06692363479466716}}, "AB_test_probs": {"(0, 1)": {"(0, 0)": 0.4534371377023265, "(0, 1)": 0.0900876383456735, "(1, 0)": 0.16101129979767345, "(1, 1)": 0.29546392415432654}, "(0, 2)": {"(0, 0)": 0.4534371377023265, "(0, 1)": 0.0900876383456735, "(1, 0)": 0.16101129979767345, "(1, 1)": 0.29546392415432654}, "(1, 0)": {"(0, 0)": 0.33396794938523106, "(0, 1)": 0.20955682666276898, "(1, 0)": 0.280480488114769, "(1, 1)": 0.17599473583723105}, "(1, 1)": {"(0, 0)": 0.45343713770232646, "(0, 1)": 0.09008763834567353, "(1, 0)": 0.16101129979767345, "(1, 1)": 0.29546392415432654}, "(1, 2)": {"(0, 0)": 0.21449876106813562, "(0, 1)": 0.32902601497986456, "(1, 0)": 0.3999496764318644, "(1, 1)": 0.05652554752013554}}, "AB_key_probs": {"(0, 0)": {"(0, 0)": 0.5029228957889728, "(0, 1)": 0.04060188025902722, "(1, 0)": 0.11152554171102719, "(1, 1)": 0.3449496822409728}}, "S": 2.715290039756342, "H_A_given_B": 0.14144054254182076}}, {"etaBL": 0.95, "keyrate": 0.2840182071899933, "probabilities": {"AT_probs": {"(0, 0)": {"(0, 0)": 0.43686517746538994, "(0, 1)": 0.10665959858261005, "(1, 0)": 0.10665959858261005, "(1, 1)": 0.34981562536939}, "(0, 1)": {"(0, 0)": 0.43686517746538994, "(0, 1)": 0.10665959858261005, "(1, 0)": 0.10665959858261005, "(1, 1)": 0.34981562536939}, "(1, 0)": {"(0, 0)": 0.43686517746538994, "(0, 1)": 0.1066595985826101, "(1, 0)": 0.1066595985826101, "(1, 1)": 0.34981562536939}, "(1, 1)": {"(0, 0)": 0.15397318689066725, "(0, 1)": 0.38955158915733284, "(1, 0)": 0.38955158915733284, "(1, 1)": 0.06692363479466716}}, "AB_test_probs": {"(0, 1)": {"(0, 0)": 0.4534371377023265, "(0, 1)": 0.0900876383456735, "(1, 0)": 0.16101129979767345, "(1, 1)": 0.29546392415432654}, "(0, 2)": {"(0, 0)": 0.4534371377023265, "(0, 1)": 0.0900876383456735, "(1, 0)": 0.16101129979767345, "(1, 1)": 0.29546392415432654}, "(1, 0)": {"(0, 0)": 0.33396794938523106, "(0, 1)": 0.20955682666276898, "(1, 0)": 0.280480488114769, "(1, 1)": 0.17599473583723105}, "(1, 1)": {"(0, 0)": 0.45343713770232646, "(0, 1)": 0.09008763834567353, "(1, 0)": 0.16101129979767345, "(1, 1)": 0.29546392415432654}, "(1, 2)": {"(0, 0)": 0.21449876106813562, "(0, 1)": 0.32902601497986456, "(1, 0)": 0.3999496764318644, "(1, 1)": 0.05652554752013554}}, "AB_key_probs": {"(0, 0)": {"(0, 0)": 0.5029228957889728, "(0, 1)": 0.04060188025902722, "(1, 0)": 0.11152554171102719, "(1, 1)": 0.3449496822409728}}, "S": 2.715290039756342, "H_A_given_B": 0.14144054254182076}}, {"etaBL": 0.925, "keyrate": 0.07317351794278315, "probabilities": {"AT_probs": {"(0, 0)": {"(0, 0)": 0.43686517746538994, "(0, 1)": 0.10665959858261005, "(1, 0)": 0.10665959858261005, "(1, 1)": 0.34981562536939}, "(0, 1)": {"(0, 0)": 0.43686517746538994, "(0, 1)": 0.10665959858261005, "(1, 0)": 0.10665959858261005, "(1, 1)": 0.34981562536939}, "(1, 0)": {"(0, 0)": 0.43686517746538994, "(0, 1)": 0.1066595985826101, "(1, 0)": 0.1066595985826101, "(1, 1)": 0.34981562536939}, "(1, 1)": {"(0, 0)": 0.15397318689066725, "(0, 1)": 0.38955158915733284, "(1, 0)": 0.38955158915733284, "(1, 1)": 0.06692363479466716}}, "AB_test_probs": {"(0, 1)": {"(0, 0)": 0.4534371377023265, "(0, 1)": 0.0900876383456735, "(1, 0)": 0.16101129979767345, "(1, 1)": 0.29546392415432654}, "(0, 2)": {"(0, 0)": 0.4534371377023265, "(0, 1)": 0.0900876383456735, "(1, 0)": 0.16101129979767345, "(1, 1)": 0.29546392415432654}, "(1, 0)": {"(0, 0)": 0.33396794938523106, "(0, 1)": 0.20955682666276898, "(1, 0)": 0.280480488114769, "(1, 1)": 0.17599473583723105}, "(1, 1)": {"(0, 0)": 0.45343713770232646, "(0, 1)": 0.09008763834567353, "(1, 0)": 0.16101129979767345, "(1, 1)": 0.29546392415432654}, "(1, 2)": {"(0, 0)": 0.21449876106813562, "(0, 1)": 0.32902601497986456, "(1, 0)": 0.3999496764318644, "(1, 1)": 0.05652554752013554}}, "AB_key_probs": {"(0, 0)": {"(0, 0)": 0.5029228957889728, "(0, 1)": 0.04060188025902722, "(1, 0)": 0.11152554171102719, "(1, 1)": 0.3449496822409728}}, "S": 2.715290039756342, "H_A_given_B": 0.14144054254182076}}, {"etaBL": 0.9, "keyrate": -0.12200391681176079, "probabilities": {"AT_probs": {"(0, 0)": {"(0, 0)": 0.43686517746538994, "(0, 1)": 0.10665959858261005, "(1, 0)": 0.10665959858261005, "(1, 1)": 0.34981562536939}, "(0, 1)": {"(0, 0)": 0.43686517746538994, "(0, 1)": 0.10665959858261005, "(1, 0)": 0.10665959858261005, "(1, 1)": 0.34981562536939}, "(1, 0)": {"(0, 0)": 0.43686517746538994, "(0, 1)": 0.1066595985826101, "(1, 0)": 0.1066595985826101, "(1, 1)": 0.34981562536939}, "(1, 1)": {"(0, 0)": 0.15397318689066725, "(0, 1)": 0.38955158915733284, "(1, 0)": 0.38955158915733284, "(1, 1)": 0.06692363479466716}}, "AB_test_probs": {"(0, 1)": {"(0, 0)": 0.4534371377023265, "(0, 1)": 0.0900876383456735, "(1, 0)": 0.16101129979767345, "(1, 1)": 0.29546392415432654}, "(0, 2)": {"(0, 0)": 0.4534371377023265, "(0, 1)": 0.0900876383456735, "(1, 0)": 0.16101129979767345, "(1, 1)": 0.29546392415432654}, "(1, 0)": {"(0, 0)": 0.33396794938523106, "(0, 1)": 0.20955682666276898, "(1, 0)": 0.280480488114769, "(1, 1)": 0.17599473583723105}, "(1, 1)": {"(0, 0)": 0.45343713770232646, "(0, 1)": 0.09008763834567353, "(1, 0)": 0.16101129979767345, "(1, 1)": 0.29546392415432654}, "(1, 2)": {"(0, 0)": 0.21449876106813562, "(0, 1)": 0.32902601497986456, "(1, 0)": 0.3999496764318644, "(1, 1)": 0.05652554752013554}}, "AB_key_probs": {"(0, 0)": {"(0, 0)": 0.5029228957889728, "(0, 1)": 0.04060188025902722, "(1, 0)": 0.11152554171102719, "(1, 1)": 0.3449496822409728}}, "S": 2.715290039756342, "H_A_given_B": 0.14144054254182076}}], "0.96": [{"etaBL": 1.0, "keyrate": -0.14144052393443957, "probabilities": {"AT_probs": {"(0, 0)": {"(0, 0)": 0.43686517746538994, "(0, 1)": 0.10665959858261005, "(1, 0)": 0.10665959858261005, "(1, 1)": 0.34981562536939}, "(0, 1)": {"(0, 0)": 0.43686517746538994, "(0, 1)": 0.10665959858261005, "(1, 0)": 0.10665959858261005, "(1, 1)": 0.34981562536939}, "(1, 0)": {"(0, 0)": 0.43686517746538994,