{
  "0.99": [
    {
      "etaBL": 1.0,
      "keyrate": 0.3654373229542954,
      "probabilities": {
        "AT_probs": {
          "(0, 0)": {
            "(0, 0)": 0.43775275330365937,
            "(0, 1)": 0.10116116189634056,
            "(1, 0)": 0.10116116189634056,
            "(1, 1)": 0.3599249229036595
          },
          "(0, 1)": {
            "(0, 0)": 0.43775275330365937,
            "(0, 1)": 0.10116116189634056,
            "(1, 0)": 0.10116116189634056,
            "(1, 1)": 0.3599249229036595
          },
          "(1, 0)": {
            "(0, 0)": 0.43775275330365937,
            "(0, 1)": 0.10116116189634056,
            "(1, 0)": 0.10116116189634056,
            "(1, 1)": 0.3599249229036595
          },
          "(1, 1)": {
            "(0, 0)": 0.14310366268872618,
            "(0, 1)": 0.3958102525112739,
            "(1, 0)": 0.3958102525112739,
            "(1, 1)": 0.06527583228872609
          }
        },
        "AB_test_probs": {
          "(0, 1)": {
            "(0, 0)": 0.44492605740269286,
            "(0, 1)": 0.09398785779730716,
            "(1, 0)": 0.1266833175973071,
            "(1, 1)": 0.3344027672026929
          },
          "(0, 2)": {
            "(0, 0)": 0.44492605740269286,
            "(0, 1)": 0.09398785779730716,
            "(1, 0)": 0.1266833175973071,
            "(1, 1)": 0.3344027672026929
          },
          "(1, 0)": {
            "(0, 0)": 0.308048246246275,
            "(0, 1)": 0.23086566895372493,
            "(1, 0)": 0.26356112875372495,
            "(1, 1)": 0.19752495604627496
          },
          "(1, 1)": {
            "(0, 0)": 0.44492605740269286,
            "(0, 1)": 0.09398785779730716,
            "(1, 0)": 0.1266833175973071,
            "(1, 1)": 0.3344027672026929
          },
          "(1, 2)": {
            "(0, 0)": 0.1711704350898572,
            "(0, 1)": 0.36774348011014285,
            "(1, 0)": 0.40043893991014284,
            "(1, 1)": 0.06064714488985713
          }
        },
        "AB_key_probs": {
          "(0, 0)": {
            "(0, 0)": 0.5016227031716245,
            "(0, 1)": 0.037291212028375535,
            "(1, 0)": 0.06998667182837551,
            "(1, 1)": 0.3910994129716245
          }
        },
        "S": 2.771858582251266,
        "H_A_given_B": 0.08079313589591124
      }
    },
    {
      "etaBL": 0.975,
      "keyrate": 0.2606709211346844,
      "probabilities": {
        "AT_probs": {
          "(0, 0)": {
            "(0, 0)": 0.43775275330365937,
            "(0, 1)": 0.10116116189634056,
            "(1, 0)": 0.10116116189634056,
            "(1, 1)": 0.3599249229036595
          },
          "(0, 1)": {
            "(0, 0)": 0.43775275330365937,
            "(0, 1)": 0.10116116189634056,
            "(1, 0)": 0.10116116189634056,
            "(1, 1)": 0.3599249229036595
          },
          "(1, 0)": {
            "(0, 0)": 0.43775275330365937,
            "(0, 1)": 0.10116116189634056,
            "(1, 0)": 0.10116116189634056,
            "(1, 1)": 0.3599249229036595
          },
          "(1, 1)": {
            "(0, 0)": 0.14310366268872618,
            "(0, 1)": 0.3958102525112739,
            "(1, 0)": 0.3958102525112739,
            "(1, 1)": 0.06527583228872609
          }
        },
        "AB_test_probs": {
          "(0, 1)": {
            "(0, 0)": 0.44492605740269286,
            "(0, 1)": 0.09398785779730716,
            "(1, 0)": 0.1266833175973071,
            "(1, 1)": 0.3344027672026929
          },
          "(0, 2)": {
            "(0, 0)": 0.44492605740269286,
            "(0, 1)": 0.09398785779730716,
            "(1, 0)": 0.1266833175973071,
            "(1, 1)": 0.3344027672026929
          },
          "(1, 0)": {
            "(0, 0)": 0.308048246246275,
            "(0, 1)": 0.23086566895372493,
            "(1, 0)": 0.26356112875372495,
            "(1, 1)": 0.19752495604627496
          },
          "(1, 1)": {
            "(0, 0)": 0.44492605740269286,
            "(0, 1)": 0.09398785779730716,
            "(1, 0)": 0.1266833175973071,
            "(1, 1)": 0.3344027672026929
          },
          "(1, 2)": {
            "(0, 0)": 0.1711704350898572,
            "(0, 1)": 0.36774348011014285,
            "(1, 0)": 0.40043893991014284,
            "(1, 1)": 0.06064714488985713
          }
        },
        "AB_key_probs": {
          "(0, 0)": {
            "(0, 0)": 0.5016227031716245,
            "(0, 1)": 0.037291212028375535,
            "(1, 0)": 0.06998667182837551,
            "(1, 1)": 0.3910994129716245
          }
        },
        "S": 2.771858582251266,
        "H_A_given_B": 0.08079313589591124
      }
    },
    {
      "etaBL": 0.95,
      "keyrate": 0.10432192551201237,
      "probabilities": {
        "AT_probs": {
          "(0, 0)": {
            "(0, 0)": 0.43775275330365937,
            "(0, 1)": 0.10116116189634056,
            "(1, 0)": 0.10116116189634056,
            "(1, 1)": 0.3599249229036595
          },
          "(0, 1)": {
            "(0, 0)": 0.43775275330365937,
            "(0, 1)": 0.10116116189634056,
            "(1, 0)": 0.10116116189634056,
            "(1, 1)": 0.3599249229036595
          },
          "(1, 0)": {
            "(0, 0)": 0.43775275330365937,
            "(0, 1)": 0.10116116189634056,
            "(1, 0)": 0.10116116189634056,
            "(1, 1)": 0.3599249229036595
          },
          "(1, 1)": {
            "(0, 0)": 0.14310366268872618,
            "(0, 1)": 0.3958102525112739,
            "(1, 0)": 0.3958102525112739,
            "(1, 1)": 0.06527583228872609
          }
        },
        "AB_test_probs": {
          "(0, 1)": {
            "(0, 0)": 0.44492605740269286,
            "(0, 1)": 0.09398785779730716,
            "(1, 0)": 0.1266833175973071,
            "(1, 1)": 0.3344027672026929
          },
          "(0, 2)": {
            "(0, 0)": 0.44492605740269286,
            "(0, 1)": 0.09398785779730716,
            "(1, 0)": 0.1266833175973071,
            "(1, 1)": 0.3344027672026929
          },
          "(1, 0)": {
            "(0, 0)": 0.308048246246275,
            "(0, 1)": 0.23086566895372493,
            "(1, 0)": 0.26356112875372495,
            "(1, 1)": 0.19752495604627496
          },
          "(1, 1)": {
            "(0, 0)": 0.44492605740269286,
            "(0, 1)": 0.09398785779730716,
            "(1, 0)": 0.1266833175973071,
            "(1, 1)": 0.3344027672026929
          },
          "(1, 2)": {
            "(0, 0)": 0.1711704350898572,
            "(0, 1)": 0.36774348011014285,
            "(1, 0)": 0.40043893991014284,
            "(1, 1)": 0.06064714488985713
          }
        },
        "AB_key_probs": {
          "(0, 0)": {
            "(0, 0)": 0.5016227031716245,
            "(0, 1)": 0.037291212028375535,
            "(1, 0)": 0.06998667182837551,
            "(1, 1)": 0.3910994129716245
          }
        },
        "S": 2.771858582251266,
        "H_A_given_B": 0.08079313589591124
      }
    },
    {
      "etaBL": 0.925,
      "keyrate": -0.06931972912649353,
      "probabilities": {
        "AT_probs": {
          "(0, 0)": {
            "(0, 0)": 0.43775275330365937,
            "(0, 1)": 0.10116116189634056,
            "(1, 0)": 0.10116116189634056,
            "(1, 1)": 0.3599249229036595
          },
          "(0, 1)": {
            "(0, 0)": 0.43775275330365937,
            "(0, 1)": 0.10116116189634056,
            "(1, 0)": 0.10116116189634056,
            "(1, 1)": 0.3599249229036595
          },
          "(1, 0)": {
            "(0, 0)": 0.43775275330365937,
            "(0, 1)": 0.10116116189634056,
            "(1, 0)": 0.10116116189634056,
            "(1, 1)": 0.3599249229036595
          },
          "(1, 1)": {
            "(0, 0)": 0.14310366268872618,
            "(0, 1)": 0.3958102525112739,
            "(1, 0)": 0.3958102525112739,
            "(1, 1)": 0.06527583228872609
          }
        },