{
  "0.99": [
    {
      "etaBL": 1.0,
      "keyrate": 0.8244050482102973,
      "probabilities": {
        "AT_probs": {
          "(0, 0)": {
            "(0, 0)": 0.44336557662398973,
            "(0, 1)": 0.10472395166353024,
            "(1, 0)": 0.10472395166353024,
            "(1, 1)": 0.3471865200489499
          },
          "(0, 1)": {
            "(0, 0)": 0.44336557662398973,
            "(0, 1)": 0.10472395166353024,
            "(1, 0)": 0.10472395166353024,
            "(1, 1)": 0.3471865200489499
          },
          "(1, 0)": {
            "(0, 0)": 0.4433655766239897,
            "(0, 1)": 0.10472395166353023,
            "(1, 0)": 0.1047239516635302,
            "(1, 1)": 0.3471865200489499
          },
          "(1, 1)": {
            "(0, 0)": 0.15743868541288264,
            "(0, 1)": 0.39065084287463747,
            "(1, 0)": 0.3906508428746374,
            "(1, 1)": 0.06125962883784254
          }
        },
        "AB_test_probs": {
          "(0, 1)": {
            "(0, 0)": 0.46991160366057044,
            "(0, 1)": 0.07817792462694957,
            "(1, 0)": 0.19273077915192954,
            "(1, 1)": 0.2591796925605505
          },
          "(0, 2)": {
            "(0, 0)": 0.46991160366057044,
            "(0, 1)": 0.07817792462694957,
            "(1, 0)": 0.19273077915192954,
            "(1, 1)": 0.2591796925605505
          },
          "(1, 0)": {
            "(0, 0)": 0.3631873510190214,
            "(0, 1)": 0.1849021772684986,
            "(1, 0)": 0.29945503179347865,
            "(1, 1)": 0.15245543991900137
          },
          "(1, 1)": {
            "(0, 0)": 0.46991160366057044,
            "(0, 1)": 0.07817792462694956,
            "(1, 0)": 0.19273077915192952,
            "(1, 1)": 0.2591796925605505
          },
          "(1, 2)": {
            "(0, 0)": 0.2564630983774723,
            "(0, 1)": 0.29162642991004784,
            "(1, 0)": 0.40617928443502765,
            "(1, 1)": 0.045731187277452276
          }
        },
        "AB_key_probs": {
          "(0, 0)": {
            "(0, 0)": 0.5141182365388327,
            "(0, 1)": 0.033971291748687286,
            "(1, 0)": 0.14852414627366722,
            "(1, 1)": 0.3033863254388127
          }
        },
        "S": 2.800142853498728,
        "H_A_given_B": 0.04541469233379414
      }
    },
    {
      "etaBL": 0.975,
      "keyrate": 0.6702171495243866,
      "probabilities": {
        "AT_probs": {
          "(0, 0)": {
            "(0, 0)": 0.44336557662398973,
            "(0, 1)": 0.10472395166353024,
            "(1, 0)": 0.10472395166353024,
            "(1, 1)": 0.3471865200489499
          },
          "(0, 1)": {
            "(0, 0)": 0.44336557662398973,
            "(0, 1)": 0.10472395166353024,
            "(1, 0)": 0.10472395166353024,
            "(1, 1)": 0.3471865200489499
          },
          "(1, 0)": {
            "(0, 0)": 0.4433655766239897,
            "(0, 1)": 0.10472395166353023,
            "(1, 0)": 0.1047239516635302,
            "(1, 1)": 0.3471865200489499
          },
          "(1, 1)": {
            "(0, 0)": 0.15743868541288264,
            "(0, 1)": 0.39065084287463747,
            "(1, 0)": 0.3906508428746374,
            "(1, 1)": 0.06125962883784254
          }
        },
        "AB_test_probs": {
          "(0, 1)": {
            "(0, 0)": 0.46991160366057044,
            "(0, 1)": 0.07817792462694957,
            "(1, 0)": 0.19273077915192954,
            "(1, 1)": 0.2591796925605505
          },
          "(0, 2)": {
            "(0, 0)": 0.46991160366057044,
            "(0, 1)": 0.07817792462694957,
            "(1, 0)": 0.19273077915192954,
            "(1, 1)": 0.2591796925605505
          },
          "(1, 0)": {
            "(0, 0)": 0.3631873510190214,
            "(0, 1)": 0.1849021772684986,
            "(1, 0)": 0.29945503179347865,
            "(1, 1)": 0.15245543991900137
          },
          "(1, 1)": {
            "(0, 0)": 0.46991160366057044,
            "(0, 1)": 0.07817792462694956,
            "(1, 0)": 0.19273077915192952,
            "(1, 1)": 0.2591796925605505
          },
          "(1, 2)": {
            "(0, 0)": 0.2564630983774723,
            "(0, 1)": 0.29162642991004784,
            "(1, 0)": 0.40617928443502765,
            "(1, 1)": 0.045731187277452276
          }
        },
        "AB_key_probs": {
          "(0, 0)": {
            "(0, 0)": 0.5141182365388327,
            "(0, 1)": 0.033971291748687286,
            "(1, 0)": 0.14852414627366722,
            "(1, 1)": 0.3033863254388127
          }
        },
        "S": 2.800142853498728,
        "H_A_given_B": 0.04541469233379414
      }
    },
    {
      "etaBL": 0.95,
      "keyrate": 0.4713512808197463,
      "probabilities": {
        "AT_probs": {
          "(0, 0)": {
            "(0, 0)": 0.44336557662398973,
            "(0, 1)": 0.10472395166353024,
            "(1, 0)": 0.10472395166353024,
            "(1, 1)": 0.3471865200489499
          },
          "(0, 1)": {
            "(0, 0)": 0.44336557662398973,
            "(0, 1)": 0.10472395166353024,
            "(1, 0)": 0.10472395166353024,
            "(1, 1)": 0.3471865200489499
          },
          "(1, 0)": {
            "(0, 0)": 0.4433655766239897,
            "(0, 1)": 0.10472395166353023,
            "(1, 0)": 0.1047239516635302,
            "(1, 1)": 0.3471865200489499
          },
          "(1, 1)": {
            "(0, 0)": 0.15743868541288264,
            "(0, 1)": 0.39065084287463747,
            "(1, 0)": 0.3906508428746374,
            "(1, 1)": 0.06125962883784254
          }
        },
        "AB_test_probs": {
          "(0, 1)": {
            "(0, 0)": 0.46991160366057044,
            "(0, 1)": 0.07817792462694957,
            "(1, 0)": 0.19273077915192954,
            "(1, 1)": 0.2591796925605505
          },
          "(0, 2)": {
            "(0, 0)": 0.46991160366057044,
            "(0, 1)": 0.07817792462694957,
            "(1, 0)": 0.19273077915192954,
            "(1, 1)": 0.2591796925605505
          },
          "(1, 0)": {
            "(0, 0)": 0.3631873510190214,
            "(0, 1)": 0.1849021772684986,
            "(1, 0)": 0.29945503179347865,
            "(1, 1)": 0.15245543991900137
          },
          "(1, 1)": {
            "(0, 0)": 0.46991160366057044,
            "(0, 1)": 0.07817792462694956,
            "(1, 0)": 0.19273077915192952,
            "(1, 1)": 0.2591796925605505
          },
          "(1, 2)": {
            "(0, 0)": 0.2564630983774723,
            "(0, 1)": 0.29162642991004784,
            "(1, 0)": 0.40617928443502765,
            "(1, 1)": 0.045731187277452276
          }
        },
        "AB_key_probs": {
          "(0, 0)": {
            "(0, 0)": 0.5141182365388327,
            "(0, 1)": 0.033971291748687286,
            "(1, 0)": 0.14852414627366722,
            "(1, 1)": 0.3033863254388127
          }
        },
        "S": 2.800142853498728,
        "H_A_given_B": 0.04541469233379414
      }
    },
    {
      "etaBL": 0.925,
      "keyrate": 0.2424802898040495,
      "probabilities": {
        "AT_probs": {
          "(0, 0)": {
            "(0, 0)": 0.44336557662398973,
            "(0, 1)": 0.10472395166353024,
            "(1, 0)": 0.10472395166353024,
            "(1, 1)": 0.3471865200489499
          },
          "(0, 1)": {
            "(0, 0)": 0.44336557662398973,
            "(0, 1)": 0.10472395166353024,
            "(1, 0)": 0.10472395166353024,
            "(1, 1)": 0.3471865200489499
          },
          "(1, 0)": {
            "(0, 0)": 0.4433655766239897,
            "(0, 1)": 0.10472395166353023,
            "(1, 0)": 0.1047239516635302,
            "(1, 1)": 0.3471865200489499
          },
          "(1, 1)": {
            "(0, 0)": 0.15743868541288264,
            "(0, 1)": 0.39065084287463747,
            "(1, 0)": 0.3906508428746374,
            "(1, 1)": 0.06125962883784254
          }
        },