{"0.99": [{"etaBL": 1.0, "keyrate": 0.658321340086504, "probabilities": {"AT_probs": {"(0, 0)": {"(0, 0)": 0.43833857324963327, "(0, 1)": 0.10518620279836674, "(1, 0)": 0.10518620279836674, "(1, 1)": 0.3512890211536333}, "(0, 1)": {"(0, 0)": 0.43833857324963327, "(0, 1)": 0.10518620279836674, "(1, 0)": 0.10518620279836674, "(1, 1)": 0.3512890211536333}, "(1, 0)": {"(0, 0)": 0.4383385732496332, "(0, 1)": 0.10518620279836674, "(1, 0)": 0.10518620279836674, "(1, 1)": 0.3512890211536333}, "(1, 1)": {"(0, 0)": 0.15249979110642387, "(0, 1)": 0.3910249849415762, "(1, 0)": 0.39102498494157617, "(1, 1)": 0.0654502390104238}}, "AB_test_probs": {"(0, 1)": {"(0, 0)": 0.454681608413963, "(0, 1)": 0.08884316763403709, "(1, 0)": 0.15976682908603707, "(1, 1)": 0.29670839486596295}, "(0, 2)": {"(0, 0)": 0.454681608413963, "(0, 1)": 0.08884316763403709, "(1, 0)": 0.15976682908603707, "(1, 1)": 0.29670839486596295}, "(1, 0)": {"(0, 0)": 0.33396794938523106, "(0, 1)": 0.20955682666276898, "(1, 0)": 0.280480488114769, "(1, 1)": 0.17599473583723105}, "(1, 1)": {"(0, 0)": 0.4546816084139629, "(0, 1)": 0.0888431676340371, "(1, 0)": 0.15976682908603704, "(1, 1)": 0.29670839486596295}, "(1, 2)": {"(0, 0)": 0.21325429035649918, "(0, 1)": 0.330270485691501, "(1, 0)": 0.40119414714350077, "(1, 1)": 0.05528107680849912}}, "AB_key_probs": {"(0, 0)": {"(0, 0)": 0.504682843147345, "(0, 1)": 0.038841932900654914, "(1, 0)": 0.10976559435265486, "(1, 1)": 0.3467096295993451}}, "S": 2.7435743110038042, "H_A_given_B": 0.11236071009937681}}, {"etaBL": 0.975, "keyrate": 0.5283432742304155, "probabilities": {"AT_probs": {"(0, 0)": {"(0, 0)": 0.43833857324963327, "(0, 1)": 0.10518620279836674, "(1, 0)": 0.10518620279836674, "(1, 1)": 0.3512890211536333}, "(0, 1)": {"(0, 0)": 0.43833857324963327, "(0, 1)": 0.10518620279836674, "(1, 0)": 0.10518620279836674, "(1, 1)": 0.3512890211536333}, "(1, 0)": {"(0, 0)": 0.4383385732496332, "(0, 1)": 0.10518620279836674, "(1, 0)": 0.10518620279836674, "(1, 1)": 0.3512890211536333}, "(1, 1)": {"(0, 0)": 0.15249979110642387, "(0, 1)": 0.3910249849415762, "(1, 0)": 0.39102498494157617, "(1, 1)": 0.0654502390104238}}, "AB_test_probs": {"(0, 1)": {"(0, 0)": 0.454681608413963, "(0, 1)": 0.08884316763403709, "(1, 0)": 0.15976682908603707, "(1, 1)": 0.29670839486596295}, "(0, 2)": {"(0, 0)": 0.454681608413963, "(0, 1)": 0.08884316763403709, "(1, 0)": 0.15976682908603707, "(1, 1)": 0.29670839486596295}, "(1, 0)": {"(0, 0)": 0.33396794938523106, "(0, 1)": 0.20955682666276898, "(1, 0)": 0.280480488114769, "(1, 1)": 0.17599473583723105}, "(1, 1)": {"(0, 0)": 0.4546816084139629, "(0, 1)": 0.0888431676340371, "(1, 0)": 0.15976682908603704, "(1, 1)": 0.29670839486596295}, "(1, 2)": {"(0, 0)": 0.21325429035649918, "(0, 1)": 0.330270485691501, "(1, 0)": 0.40119414714350077, "(1, 1)": 0.05528107680849912}}, "AB_key_probs": {"(0, 0)": {"(0, 0)": 0.504682843147345, "(0, 1)": 0.038841932900654914, "(1, 0)": 0.10976559435265486, "(1, 1)": 0.3467096295993451}}, "S": 2.7435743110038042, "H_A_given_B": 0.11236071009937681}}, {"etaBL": 0.95, "keyrate": 0.34295823214362436, "probabilities": {"AT_probs": {"(0, 0)": {"(0, 0)": 0.43833857324963327, "(0, 1)": 0.10518620279836674, "(1, 0)": 0.10518620279836674, "(1, 1)": 0.3512890211536333}, "(0, 1)": {"(0, 0)": 0.43833857324963327, "(0, 1)": 0.10518620279836674, "(1, 0)": 0.10518620279836674, "(1, 1)": 0.3512890211536333}, "(1, 0)": {"(0, 0)": 0.4383385732496332, "(0, 1)": 0.10518620279836674, "(1, 0)": 0.10518620279836674, "(1, 1)": 0.3512890211536333}, "(1, 1)": {"(0, 0)": 0.15249979110642387, "(0, 1)": 0.3910249849415762, "(1, 0)": 0.39102498494157617, "(1, 1)": 0.0654502390104238}}, "AB_test_probs": {"(0, 1)": {"(0, 0)": 0.454681608413963, "(0, 1)": 0.08884316763403709, "(1, 0)": 0.15976682908603707, "(1, 1)": 0.29670839486596295}, "(0, 2)": {"(0, 0)": 0.454681608413963, "(0, 1)": 0.08884316763403709, "(1, 0)": 0.15976682908603707, "(1, 1)": 0.29670839486596295}, "(1, 0)": {"(0, 0)": 0.33396794938523106, "(0, 1)": 0.20955682666276898, "(1, 0)": 0.280480488114769, "(1, 1)": 0.17599473583723105}, "(1, 1)": {"(0, 0)": 0.4546816084139629, "(0, 1)": 0.0888431676340371, "(1, 0)": 0.15976682908603704, "(1, 1)": 0.29670839486596295}, "(1, 2)": {"(0, 0)": 0.21325429035649918, "(0, 1)": 0.330270485691501, "(1, 0)": 0.40119414714350077, "(1, 1)": 0.05528107680849912}}, "AB_key_probs": {"(0, 0)": {"(0, 0)": 0.504682843147345, "(0, 1)": 0.038841932900654914, "(1, 0)": 0.10976559435265486, "(1, 1)": 0.3467096295993451}}, "S": 2.7435743110038042, "H_A_given_B": 0.11236071009937681}}, {"etaBL": 0.925, "keyrate": 0.12600250340515068, "probabilities": {"AT_probs": {"(0, 0)": {"(0, 0)": 0.43833857324963327, "(0, 1)": 0.10518620279836674, "(1, 0)": 0.10518620279836674, "(1, 1)": 0.3512890211536333}, "(0, 1)": {"(0, 0)": 0.43833857324963327, "(0, 1)": 0.10518620279836674, "(1, 0)": 0.10518620279836674, "(1, 1)": 0.3512890211536333}, "(1, 0)": {"(0, 0)": 0.4383385732496332, "(0, 1)": 0.10518620279836674, "(1, 0)": 0.10518620279836674, "(1, 1)": 0.3512890211536333}, "(1, 1)": {"(0, 0)": 0.15249979110642387, "(0, 1)": 0.3910249849415762, "(1, 0)": 0.39102498494157617, "(1, 1)": 0.0654502390104238}}, "AB_test_probs": {"(0, 1)": {"(0, 0)": 0.454681608413963, "(0, 1)": 0.08884316763403709, "(1, 0)": 0.15976682908603707, "(1, 1)": 0.29670839486596295}, "(0, 2)": {"(0, 0)": 0.454681608413963, "(0, 1)": 0.08884316763403709, "(1, 0)": 0.15976682908603707, "(1, 1)": 0.29670839486596295}, "(1, 0)": {"(0, 0)": 0.33396794938523106, "(0, 1)": 0.20955682666276898, "(1, 0)": 0.280480488114769, "(1, 1)": 0.17599473583723105}, "(1, 1)": {"(0, 0)": 0.4546816084139629, "(0, 1)": 0.0888431676340371, "(1, 0)": 0.15976682908603704, "(1, 1)": 0.29670839486596295}, "(1, 2)": {"(0, 0)": 0.21325429035649918, "(0, 1)": 0.330270485691501, "(1, 0)": 0.40119414714350077, "(1, 1)": 0.05528107680849912}}, "AB_key_probs": {"(0, 0)": {"(0, 0)": 0.504682843147345, "(0, 1)": 0.038841932900654914, "(1, 0)": 0.10976559435265486, "(1, 1)": 0.3467096295993451}}, "S": 2.7435743110038042, "H_A_given_B": 0.11236071009937681}}, {"etaBL": 0.9, "keyrate": -0.07468947357808783, "probabilities": {"AT_probs": {"(0, 0)": {"(0, 0)": 0.43833857324963327, "(0, 1)": 0.10518620279836674, "(1, 0)": 0.10518620279836674, "(1, 1)": 0.3512890211536333}, "(0, 1)": {"(0, 0)": 0.43833857324963327, "(0, 1)": 0.10518620279836674, "(1, 0)": 0.10518620279836674, "(1, 1)": 0.3512890211536333}, "(1, 0)": {"(0, 0)": 0.4383385732496332, "(0, 1)": 0.10518620279836674, "(1, 0)": 0.10518620279836674, "(1, 1)": 0.3512890211536333}, "(1, 1)": {"(0, 0)": 0.15249979110642387, "(0, 1)": 0.3910249849415762, "(1, 0)": 0.39102498494157617, "(1, 1)": 0.0654502390104238}}, "AB_test_probs": {"(0, 1)": {"(0, 0)": 0.454681608413963, "(0, 1)": 0.08884316763403709, "(1, 0)": 0.15976682908603707, "(1, 1)": 0.29670839486596295}, "(0, 2)": {"(0, 0)": 0.454681608413963, "(0, 1)": 0.08884316763403709, "(1, 0)": 0.15976682908603707, "(1, 1)": 0.29670839486596295}, "(1, 0)": {"(0, 0)": 0.33396794938523106, "(0, 1)": 0.20955682666276898, "(1, 0)": 0.280480488114769, "(1, 1)": 0.17599473583723105}, "(1, 1)": {"(0, 0)": 0.4546816084139629, "(0, 1)": 0.0888431676340371, "(1, 0)": 0.15976682908603704, "(1, 1)": 0.29670839486596295}, "(1, 2)": {"(0, 0)": 0.21325429035649918, "(0, 1)": 0.330270485691501, "(1, 0)": 0.40119414714350077, "(1, 1)": 0.05528107680849912}}, "AB_key_probs": {"(0, 0)": {"(0, 0)": 0.504682843147345, "(0, 1)": 0.038841932900654914, "(1, 0)": 0.10976559435265486, "(1, 1)": 0.3467096295993451}}, "S": 2.7435743110038042, "H_A_given_B": 0.11236071009937681}}], "0.96": [{"etaBL": 1.0, "keyrate": -0.11236070480338343, "probabilities": {"AT_probs": {"(0, 0)": {"(0, 0)": 0.43833857324963327, "(0, 1)": 0.10518620279836674, "(1, 0)": 0.10518620279836674, "(1, 1)": 0.3512890211536333}, "(0, 1)": {"(0, 0)": 0.43833857324963327, "(0, 1)": 0.10518620279836674, "(1, 0)": 0.10518620279836674, "(1, 1)": 0.3512890211536333},