{
  "0.99": [
    {
      "etaBL": 1.0,
      "keyrate": 0.433759771203631,
      "probabilities": {
        "AT_probs": {
          "(0, 0)": {
            "(0, 0)": 0.4392560649904703,
            "(0, 1)": 0.09965785020952968,
            "(1, 0)": 0.09965785020952968,
            "(1, 1)": 0.3614282345904704
          },
          "(0, 1)": {
            "(0, 0)": 0.4392560649904703,
            "(0, 1)": 0.09965785020952968,
            "(1, 0)": 0.09965785020952968,
            "(1, 1)": 0.3614282345904704
          },
          "(1, 0)": {
            "(0, 0)": 0.43925606499047026,
            "(0, 1)": 0.09965785020952968,
            "(1, 0)": 0.09965785020952965,
            "(1, 1)": 0.3614282345904704
          },
          "(1, 1)": {
            "(0, 0)": 0.1416003510019153,
            "(0, 1)": 0.39731356419808483,
            "(1, 0)": 0.3973135641980848,
            "(1, 1)": 0.06377252060191523
          }
        },
        "AB_test_probs": {
          "(0, 1)": {
            "(0, 0)": 0.44632276976143187,
            "(0, 1)": 0.09259114543856822,
            "(1, 0)": 0.1252866052385682,
            "(1, 1)": 0.3357994795614318
          },
          "(0, 2)": {
            "(0, 0)": 0.44632276976143187,
            "(0, 1)": 0.09259114543856822,
            "(1, 0)": 0.1252866052385682,
            "(1, 1)": 0.3357994795614318
          },
          "(1, 0)": {
            "(0, 0)": 0.308048246246275,
            "(0, 1)": 0.23086566895372493,
            "(1, 0)": 0.26356112875372495,
            "(1, 1)": 0.19752495604627496
          },
          "(1, 1)": {
            "(0, 0)": 0.4463227697614319,
            "(0, 1)": 0.0925911454385682,
            "(1, 0)": 0.12528660523856816,
            "(1, 1)": 0.33579947956143186
          },
          "(1, 2)": {
            "(0, 0)": 0.1697737227311182,
            "(0, 1)": 0.3691401924688819,
            "(1, 0)": 0.4018356522688818,
            "(1, 1)": 0.059250432531118176
          }
        },
        "AB_key_probs": {
          "(0, 0)": {
            "(0, 0)": 0.5035979527320873,
            "(0, 1)": 0.03531596246791277,
            "(1, 0)": 0.06801142226791275,
            "(1, 1)": 0.3930746625320871
          }
        },
        "S": 2.800142853498728,
        "H_A_given_B": 0.04541469233379414
      }
    },
    {
      "etaBL": 0.975,
      "keyrate": 0.3257692789399608,
      "probabilities": {
        "AT_probs": {
          "(0, 0)": {
            "(0, 0)": 0.4392560649904703,
            "(0, 1)": 0.09965785020952968,
            "(1, 0)": 0.09965785020952968,
            "(1, 1)": 0.3614282345904704
          },
          "(0, 1)": {
            "(0, 0)": 0.4392560649904703,
            "(0, 1)": 0.09965785020952968,
            "(1, 0)": 0.09965785020952968,
            "(1, 1)": 0.3614282345904704
          },
          "(1, 0)": {
            "(0, 0)": 0.43925606499047026,
            "(0, 1)": 0.09965785020952968,
            "(1, 0)": 0.09965785020952965,
            "(1, 1)": 0.3614282345904704
          },
          "(1, 1)": {
            "(0, 0)": 0.1416003510019153,
            "(0, 1)": 0.39731356419808483,
            "(1, 0)": 0.3973135641980848,
            "(1, 1)": 0.06377252060191523
          }
        },
        "AB_test_probs": {
          "(0, 1)": {
            "(0, 0)": 0.44632276976143187,
            "(0, 1)": 0.09259114543856822,
            "(1, 0)": 0.1252866052385682,
            "(1, 1)": 0.3357994795614318
          },
          "(0, 2)": {
            "(0, 0)": 0.44632276976143187,
            "(0, 1)": 0.09259114543856822,
            "(1, 0)": 0.1252866052385682,
            "(1, 1)": 0.3357994795614318
          },
          "(1, 0)": {
            "(0, 0)": 0.308048246246275,
            "(0, 1)": 0.23086566895372493,
            "(1, 0)": 0.26356112875372495,
            "(1, 1)": 0.19752495604627496
          },
          "(1, 1)": {
            "(0, 0)": 0.4463227697614319,
            "(0, 1)": 0.0925911454385682,
            "(1, 0)": 0.12528660523856816,
            "(1, 1)": 0.33579947956143186
          },
          "(1, 2)": {
            "(0, 0)": 0.1697737227311182,
            "(0, 1)": 0.3691401924688819,
            "(1, 0)": 0.4018356522688818,
            "(1, 1)": 0.059250432531118176
          }
        },
        "AB_key_probs": {
          "(0, 0)": {
            "(0, 0)": 0.5035979527320873,
            "(0, 1)": 0.03531596246791277,
            "(1, 0)": 0.06801142226791275,
            "(1, 1)": 0.3930746625320871
          }
        },
        "S": 2.800142853498728,
        "H_A_given_B": 0.04541469233379414
      }
    },
    {
      "etaBL": 0.95,
      "keyrate": 0.16439850767139638,
      "probabilities": {
        "AT_probs": {
          "(0, 0)": {
            "(0, 0)": 0.4392560649904703,
            "(0, 1)": 0.09965785020952968,
            "(1, 0)": 0.09965785020952968,
            "(1, 1)": 0.3614282345904704
          },
          "(0, 1)": {
            "(0, 0)": 0.4392560649904703,
            "(0, 1)": 0.09965785020952968,
            "(1, 0)": 0.09965785020952968,
            "(1, 1)": 0.3614282345904704
          },
          "(1, 0)": {
            "(0, 0)": 0.43925606499047026,
            "(0, 1)": 0.09965785020952968,
            "(1, 0)": 0.09965785020952965,
            "(1, 1)": 0.3614282345904704
          },
          "(1, 1)": {
            "(0, 0)": 0.1416003510019153,
            "(0, 1)": 0.39731356419808483,
            "(1, 0)": 0.3973135641980848,
            "(1, 1)": 0.06377252060191523
          }
        },
        "AB_test_probs": {
          "(0, 1)": {
            "(0, 0)": 0.44632276976143187,
            "(0, 1)": 0.09259114543856822,
            "(1, 0)": 0.1252866052385682,
            "(1, 1)": 0.3357994795614318
          },
          "(0, 2)": {
            "(0, 0)": 0.44632276976143187,
            "(0, 1)": 0.09259114543856822,
            "(1, 0)": 0.1252866052385682,
            "(1, 1)": 0.3357994795614318
          },
          "(1, 0)": {
            "(0, 0)": 0.308048246246275,
            "(0, 1)": 0.23086566895372493,
            "(1, 0)": 0.26356112875372495,
            "(1, 1)": 0.19752495604627496
          },
          "(1, 1)": {
            "(0, 0)": 0.4463227697614319,
            "(0, 1)": 0.0925911454385682,
            "(1, 0)": 0.12528660523856816,
            "(1, 1)": 0.33579947956143186
          },
          "(1, 2)": {
            "(0, 0)": 0.1697737227311182,
            "(0, 1)": 0.3691401924688819,
            "(1, 0)": 0.4018356522688818,
            "(1, 1)": 0.059250432531118176
          }
        },
        "AB_key_probs": {
          "(0, 0)": {
            "(0, 0)": 0.5035979527320873,
            "(0, 1)": 0.03531596246791277,
            "(1, 0)": 0.06801142226791275,
            "(1, 1)": 0.3930746625320871
          }
        },
        "S": 2.800142853498728,
        "H_A_given_B": 0.04541469233379414
      }
    },
    {
      "etaBL": 0.925,
      "keyrate": -0.016245363302489463,
      "probabilities": {
        "AT_probs": {
          "(0, 0)": {
            "(0, 0)": 0.4392560649904703,
            "(0, 1)": 0.09965785020952968,
            "(1, 0)": 0.09965785020952968,
            "(1, 1)": 0.3614282345904704
          },
          "(0, 1)": {
            "(0, 0)": 0.4392560649904703,
            "(0, 1)": 0.09965785020952968,
            "(1, 0)": 0.09965785020952968,
            "(1, 1)": 0.3614282345904704
          },
          "(1, 0)": {
            "(0, 0)": 0.43925606499047026,
            "(0, 1)": 0.09965785020952968,
            "(1, 0)": 0.09965785020952965,
            "(1, 1)": 0.3614282345904704
          },
          "(1, 1)": {
            "(0, 0)": 0.1416003510019153,
            "(0, 1)": 0.39731356419808483,
            "(1, 0)": 0.3973135641980848,
            "(1, 1)": 0.06377252060191523
          }
        },