{
  "0.99": [
    {
      "etaBL": 1.0,
      "keyrate": 0.24092310484362833,
      "probabilities": {
        "AT_probs": {
          "(0, 0)": {
            "(0, 0)": 0.43267814674628885,
            "(0, 1)": 0.10157833325371114,
            "(1, 0)": 0.10157833325371114,
            "(1, 1)": 0.36416518674628884
          },
          "(0, 1)": {
            "(0, 0)": 0.43267814674628885,
            "(0, 1)": 0.10157833325371114,
            "(1, 0)": 0.10157833325371114,
            "(1, 1)": 0.36416518674628884
          },
          "(1, 0)": {
            "(0, 0)": 0.4326781467462889,
            "(0, 1)": 0.10157833325371118,
            "(1, 0)": 0.10157833325371118,
            "(1, 1)": 0.36416518674628884
          },
          "(1, 1)": {
            "(0, 0)": 0.138181826097692,
            "(0, 1)": 0.39607465390230806,
            "(1, 0)": 0.39607465390230806,
            "(1, 1)": 0.06966886609769195
          }
        },
        "AB_test_probs": {
          "(0, 1)": {
            "(0, 0)": 0.43324924411161886,
            "(0, 1)": 0.10100723588838119,
            "(1, 0)": 0.10362575588838119,
            "(1, 1)": 0.3621177641116188
          },
          "(0, 2)": {
            "(0, 0)": 0.43324924411161886,
            "(0, 1)": 0.10100723588838119,
            "(1, 0)": 0.10362575588838119,
            "(1, 1)": 0.3621177641116188
          },
          "(1, 0)": {
            "(0, 0)": 0.2868289477000001,
            "(0, 1)": 0.24742753229999997,
            "(1, 0)": 0.2500460523,
            "(1, 1)": 0.2156974677
          },
          "(1, 1)": {
            "(0, 0)": 0.4332492441116188,
            "(0, 1)": 0.10100723588838122,
            "(1, 0)": 0.10362575588838119,
            "(1, 1)": 0.3621177641116188
          },
          "(1, 2)": {
            "(0, 0)": 0.14040865128838123,
            "(0, 1)": 0.39384782871161883,
            "(1, 0)": 0.3964663487116188,
            "(1, 1)": 0.06927717128838118
          }
        },
        "AB_key_probs": {
          "(0, 0)": {
            "(0, 0)": 0.4938985166920001,
            "(0, 1)": 0.04035796330800003,
            "(1, 0)": 0.04297648330800004,
            "(1, 1)": 0.4227670366919999
          }
        },
        "S": 2.715290039756342,
        "H_A_given_B": 0.14144054254182076
      }
    },
    {
      "etaBL": 0.975,
      "keyrate": 0.14247128515090607,
      "probabilities": {
        "AT_probs": {
          "(0, 0)": {
            "(0, 0)": 0.43267814674628885,
            "(0, 1)": 0.10157833325371114,
            "(1, 0)": 0.10157833325371114,
            "(1, 1)": 0.36416518674628884
          },
          "(0, 1)": {
            "(0, 0)": 0.43267814674628885,
            "(0, 1)": 0.10157833325371114,
            "(1, 0)": 0.10157833325371114,
            "(1, 1)": 0.36416518674628884
          },
          "(1, 0)": {
            "(0, 0)": 0.4326781467462889,
            "(0, 1)": 0.10157833325371118,
            "(1, 0)": 0.10157833325371118,
            "(1, 1)": 0.36416518674628884
          },
          "(1, 1)": {
            "(0, 0)": 0.138181826097692,
            "(0, 1)": 0.39607465390230806,
            "(1, 0)": 0.39607465390230806,
            "(1, 1)": 0.06966886609769195
          }
        },
        "AB_test_probs": {
          "(0, 1)": {
            "(0, 0)": 0.43324924411161886,
            "(0, 1)": 0.10100723588838119,
            "(1, 0)": 0.10362575588838119,
            "(1, 1)": 0.3621177641116188
          },
          "(0, 2)": {
            "(0, 0)": 0.43324924411161886,
            "(0, 1)": 0.10100723588838119,
            "(1, 0)": 0.10362575588838119,
            "(1, 1)": 0.3621177641116188
          },
          "(1, 0)": {
            "(0, 0)": 0.2868289477000001,
            "(0, 1)": 0.24742753229999997,
            "(1, 0)": 0.2500460523,
            "(1, 1)": 0.2156974677
          },
          "(1, 1)": {
            "(0, 0)": 0.4332492441116188,
            "(0, 1)": 0.10100723588838122,
            "(1, 0)": 0.10362575588838119,
            "(1, 1)": 0.3621177641116188
          },
          "(1, 2)": {
            "(0, 0)": 0.14040865128838123,
            "(0, 1)": 0.39384782871161883,
            "(1, 0)": 0.3964663487116188,
            "(1, 1)": 0.06927717128838118
          }
        },
        "AB_key_probs": {
          "(0, 0)": {
            "(0, 0)": 0.4938985166920001,
            "(0, 1)": 0.04035796330800003,
            "(1, 0)": 0.04297648330800004,
            "(1, 1)": 0.4227670366919999
          }
        },
        "S": 2.715290039756342,
        "H_A_given_B": 0.14144054254182076
      }
    },
    {
      "etaBL": 0.95,
      "keyrate": -0.003856388078245926,
      "probabilities": {
        "AT_probs": {
          "(0, 0)": {
            "(0, 0)": 0.43267814674628885,
            "(0, 1)": 0.10157833325371114,
            "(1, 0)": 0.10157833325371114,
            "(1, 1)": 0.36416518674628884
          },
          "(0, 1)": {
            "(0, 0)": 0.43267814674628885,
            "(0, 1)": 0.10157833325371114,
            "(1, 0)": 0.10157833325371114,
            "(1, 1)": 0.36416518674628884
          },
          "(1, 0)": {
            "(0, 0)": 0.4326781467462889,
            "(0, 1)": 0.10157833325371118,
            "(1, 0)": 0.10157833325371118,
            "(1, 1)": 0.36416518674628884
          },
          "(1, 1)": {
            "(0, 0)": 0.138181826097692,
            "(0, 1)": 0.39607465390230806,
            "(1, 0)": 0.39607465390230806,
            "(1, 1)": 0.06966886609769195
          }
        },
        "AB_test_probs": {
          "(0, 1)": {
            "(0, 0)": 0.43324924411161886,
            "(0, 1)": 0.10100723588838119,
            "(1, 0)": 0.10362575588838119,
            "(1, 1)": 0.3621177641116188
          },
          "(0, 2)": {
            "(0, 0)": 0.43324924411161886,
            "(0, 1)": 0.10100723588838119,
            "(1, 0)": 0.10362575588838119,
            "(1, 1)": 0.3621177641116188
          },
          "(1, 0)": {
            "(0, 0)": 0.2868289477000001,
            "(0, 1)": 0.24742753229999997,
            "(1, 0)": 0.2500460523,
            "(1, 1)": 0.2156974677
          },
          "(1, 1)": {
            "(0, 0)": 0.4332492441116188,
            "(0, 1)": 0.10100723588838122,
            "(1, 0)": 0.10362575588838119,
            "(1, 1)": 0.3621177641116188
          },
          "(1, 2)": {
            "(0, 0)": 0.14040865128838123,
            "(0, 1)": 0.39384782871161883,
            "(1, 0)": 0.3964663487116188,
            "(1, 1)": 0.06927717128838118
          }
        },
        "AB_key_probs": {
          "(0, 0)": {
            "(0, 0)": 0.4938985166920001,
            "(0, 1)": 0.04035796330800003,
            "(1, 0)": 0.04297648330800004,
            "(1, 1)": 0.4227670366919999
          }
        },
        "S": 2.715290039756342,
        "H_A_given_B": 0.14144054254182076
      }
    }
  ],
  "0.96": [
    {
      "etaBL": 1.0,
      "keyrate": -0.08283573156383925,
      "probabilities": {
        "AT_probs": {
          "(0, 0)": {
            "(0, 0)": 0.43267814674628885,
            "(0, 1)": 0.10157833325371114,
            "(1, 0)": 0.10157833325371114,
            "(1, 1)": 0.36416518674628884
          },
          "(0, 1)": {
            "(0, 0)": 0.43267814674628885,
            "(0, 1)": 0.10157833325371114,
            "(1, 0)": 0.10157833325371114,
            "(1, 1)": 0.36416518674628884
          },
          "(1, 0)": {
            "(0, 0)": 0.4326781467462889,
            "(0, 1)": 0.10157833325371118,
            "(1, 0)": 0.10157833325371118,
            "(1, 1)": 0.36416518674628884
          },
          "(1, 1)": {
            "(0, 0)": 0.138181826097692,
            "(0, 1)": 0.39607465390230806,
            "(1, 0)": 0.39607465390230806,
            "(1, 1)": 0.06966886609769195
          }
        },