{"0.99": [{"etaBL": 1.0, "keyrate": 0.3015994114902008, "probabilities": {"AT_probs": {"(0, 0)": {"(0, 0)": 0.43624944161684853, "(0, 1)": 0.10266447358315145, "(1, 0)": 0.10266447358315145, "(1, 1)": 0.3584216112168486}, "(0, 1)": {"(0, 0)": 0.43624944161684853, "(0, 1)": 0.10266447358315145, "(1, 0)": 0.10266447358315145, "(1, 1)": 0.3584216112168486}, "(1, 0)": {"(0, 0)": 0.4362494416168485, "(0, 1)": 0.10266447358315145, "(1, 0)": 0.10266447358315144, "(1, 1)": 0.3584216112168486}, "(1, 1)": {"(0, 0)": 0.14460697437553705, "(0, 1)": 0.39430694082446305, "(1, 0)": 0.394306940824463, "(1, 1)": 0.06677914397553698}}, "AB_test_probs": {"(0, 1)": {"(0, 0)": 0.4435293450439539, "(0, 1)": 0.09538457015604608, "(1, 0)": 0.1280800299560461, "(1, 1)": 0.33300605484395385}, "(0, 2)": {"(0, 0)": 0.4435293450439539, "(0, 1)": 0.09538457015604608, "(1, 0)": 0.1280800299560461, "(1, 1)": 0.33300605484395385}, "(1, 0)": {"(0, 0)": 0.308048246246275, "(0, 1)": 0.23086566895372493, "(1, 0)": 0.26356112875372495, "(1, 1)": 0.19752495604627496}, "(1, 1)": {"(0, 0)": 0.4435293450439539, "(0, 1)": 0.09538457015604612, "(1, 0)": 0.1280800299560461, "(1, 1)": 0.3330060548439539}, "(1, 2)": {"(0, 0)": 0.1725671474485961, "(0, 1)": 0.36634676775140396, "(1, 0)": 0.3990422275514037, "(1, 1)": 0.062043857248596075}}, "AB_key_probs": {"(0, 0)": {"(0, 0)": 0.4996474536111617, "(0, 1)": 0.039266461588838286, "(1, 0)": 0.07196192138883827, "(1, 1)": 0.38912416341116174}}, "S": 2.7435743110038042, "H_A_given_B": 0.11236071009937681}}, {"etaBL": 0.975, "keyrate": 0.20001115174608458, "probabilities": {"AT_probs": {"(0, 0)": {"(0, 0)": 0.43624944161684853, "(0, 1)": 0.10266447358315145, "(1, 0)": 0.10266447358315145, "(1, 1)": 0.3584216112168486}, "(0, 1)": {"(0, 0)": 0.43624944161684853, "(0, 1)": 0.10266447358315145, "(1, 0)": 0.10266447358315145, "(1, 1)": 0.3584216112168486}, "(1, 0)": {"(0, 0)": 0.4362494416168485, "(0, 1)": 0.10266447358315145, "(1, 0)": 0.10266447358315144, "(1, 1)": 0.3584216112168486}, "(1, 1)": {"(0, 0)": 0.14460697437553705, "(0, 1)": 0.39430694082446305, "(1, 0)": 0.394306940824463, "(1, 1)": 0.06677914397553698}}, "AB_test_probs": {"(0, 1)": {"(0, 0)": 0.4435293450439539, "(0, 1)": 0.09538457015604608, "(1, 0)": 0.1280800299560461, "(1, 1)": 0.33300605484395385}, "(0, 2)": {"(0, 0)": 0.4435293450439539, "(0, 1)": 0.09538457015604608, "(1, 0)": 0.1280800299560461, "(1, 1)": 0.33300605484395385}, "(1, 0)": {"(0, 0)": 0.308048246246275, "(0, 1)": 0.23086566895372493, "(1, 0)": 0.26356112875372495, "(1, 1)": 0.19752495604627496}, "(1, 1)": {"(0, 0)": 0.4435293450439539, "(0, 1)": 0.09538457015604612, "(1, 0)": 0.1280800299560461, "(1, 1)": 0.3330060548439539}, "(1, 2)": {"(0, 0)": 0.1725671474485961, "(0, 1)": 0.36634676775140396, "(1, 0)": 0.3990422275514037, "(1, 1)": 0.062043857248596075}}, "AB_key_probs": {"(0, 0)": {"(0, 0)": 0.4996474536111617, "(0, 1)": 0.039266461588838286, "(1, 0)": 0.07196192138883827, "(1, 1)": 0.38912416341116174}}, "S": 2.7435743110038042, "H_A_given_B": 0.11236071009937681}}, {"etaBL": 0.95, "keyrate": 0.048673715988000826, "probabilities": {"AT_probs": {"(0, 0)": {"(0, 0)": 0.43624944161684853, "(0, 1)": 0.10266447358315145, "(1, 0)": 0.10266447358315145, "(1, 1)": 0.3584216112168486}, "(0, 1)": {"(0, 0)": 0.43624944161684853, "(0, 1)": 0.10266447358315145, "(1, 0)": 0.10266447358315145, "(1, 1)": 0.3584216112168486}, "(1, 0)": {"(0, 0)": 0.4362494416168485, "(0, 1)": 0.10266447358315145, "(1, 0)": 0.10266447358315144, "(1, 1)": 0.3584216112168486}, "(1, 1)": {"(0, 0)": 0.14460697437553705, "(0, 1)": 0.39430694082446305, "(1, 0)": 0.394306940824463, "(1, 1)": 0.06677914397553698}}, "AB_test_probs": {"(0, 1)": {"(0, 0)": 0.4435293450439539, "(0, 1)": 0.09538457015604608, "(1, 0)": 0.1280800299560461, "(1, 1)": 0.33300605484395385}, "(0, 2)": {"(0, 0)": 0.4435293450439539, "(0, 1)": 0.09538457015604608, "(1, 0)": 0.1280800299560461, "(1, 1)": 0.33300605484395385}, "(1, 0)": {"(0, 0)": 0.308048246246275, "(0, 1)": 0.23086566895372493, "(1, 0)": 0.26356112875372495, "(1, 1)": 0.19752495604627496}, "(1, 1)": {"(0, 0)": 0.4435293450439539, "(0, 1)": 0.09538457015604612, "(1, 0)": 0.1280800299560461, "(1, 1)": 0.3330060548439539}, "(1, 2)": {"(0, 0)": 0.1725671474485961, "(0, 1)": 0.36634676775140396, "(1, 0)": 0.3990422275514037, "(1, 1)": 0.062043857248596075}}, "AB_key_probs": {"(0, 0)": {"(0, 0)": 0.4996474536111617, "(0, 1)": 0.039266461588838286, "(1, 0)": 0.07196192138883827, "(1, 1)": 0.38912416341116174}}, "S": 2.7435743110038042, "H_A_given_B": 0.11236071009937681}}, {"etaBL": 0.925, "keyrate": -0.11236069886452253, "probabilities": {"AT_probs": {"(0, 0)": {"(0, 0)": 0.43624944161684853, "(0, 1)": 0.10266447358315145, "(1, 0)": 0.10266447358315145, "(1, 1)": 0.3584216112168486}, "(0, 1)": {"(0, 0)": 0.43624944161684853, "(0, 1)": 0.10266447358315145, "(1, 0)": 0.10266447358315145, "(1, 1)": 0.3584216112168486}, "(1, 0)": {"(0, 0)": 0.4362494416168485, "(0, 1)": 0.10266447358315145, "(1, 0)": 0.10266447358315144, "(1, 1)": 0.3584216112168486}, "(1, 1)": {"(0, 0)": 0.14460697437553705, "(0, 1)": 0.39430694082446305, "(1, 0)": 0.394306940824463, "(1, 1)": 0.06677914397553698}}, "AB_test_probs": {"(0, 1)": {"(0, 0)": 0.4435293450439539, "(0, 1)": 0.09538457015604608, "(1, 0)": 0.1280800299560461, "(1, 1)": 0.33300605484395385}, "(0, 2)": {"(0, 0)": 0.4435293450439539, "(0, 1)": 0.09538457015604608, "(1, 0)": 0.1280800299560461, "(1, 1)": 0.33300605484395385}, "(1, 0)": {"(0, 0)": 0.308048246246275, "(0, 1)": 0.23086566895372493, "(1, 0)": 0.26356112875372495, "(1, 1)": 0.19752495604627496}, "(1, 1)": {"(0, 0)": 0.4435293450439539, "(0, 1)": 0.09538457015604612, "(1, 0)": 0.1280800299560461, "(1, 1)": 0.3330060548439539}, "(1, 2)": {"(0, 0)": 0.1725671474485961, "(0, 1)": 0.36634676775140396, "(1, 0)": 0.3990422275514037, "(1, 1)": 0.062043857248596075}}, "AB_key_probs": {"(0, 0)": {"(0, 0)": 0.4996474536111617, "(0, 1)": 0.039266461588838286, "(1, 0)": 0.07196192138883827, "(1, 1)": 0.38912416341116174}}, "S": 2.7435743110038042, "H_A_given_B": 0.11236071009937681}}], "0.96": [{"etaBL": 1.0, "keyrate": -0.1123606969904186, "probabilities": {"AT_probs": {"(0, 0)": {"(0, 0)": 0.43624944161684853, "(0, 1)": 0.10266447358315145, "(1, 0)": 0.10266447358315145, "(1, 1)": 0.3584216112168486}, "(0, 1)": {"(0, 0)": 0.43624944161684853, "(0, 1)": 0.10266447358315145, "(1, 0)": 0.10266447358315145, "(1, 1)": 0.3584216112168486}, "(1, 0)": {"(0, 0)": 0.4362494416168485, "(0, 1)": 0.10266447358315145, "(1, 0)": 0.10266447358315144, "(1, 1)": 0.3584216112168486}, "(1, 1)": {"(0, 0)": 0.14460697437553705, "(0, 1)": 0.39430694082446305, "(1, 0)": 0.394306940824463, "(1, 1)": 0.06677914397553698}}, "AB_test_probs": {"(0, 1)": {"(0, 0)": 0.4435293450439539, "(0, 1)": 0.09538457015604608, "(1, 0)": 0.1280800299560461, "(1, 1)": 0.33300605484395385}, "(0, 2)": {"(0, 0)": 0.4435293450439539, "(0, 1)": 0.09538457015604608, "(1, 0)": 0.1280800299560461, "(1, 1)": 0.33300605484395385}, "(1, 0)": {"(0, 0)": 0.308048246246275, "(0, 1)": 0.23086566895372493, "(1, 0)": 0.26356112875372495, "(1, 1)": 0.19752495604627496}, "(1, 1)": {"(0, 0)": 0.4435293450439539, "(0, 1)": 0.09538457015604612, "(1, 0)": 0.1280800299560461, "(1, 1)": 0.3330060548439539}, "(1, 2)": {"(0, 0)": 0.1725671474485961, "(0, 1)": 0.36634676775140396, "(1, 0)": 0.3990422275514037, "(1, 1)": 0.062043857248596075}}, "AB_key_probs": {"(0, 0)": {"(0, 0)": 0.4996474536111617, "(0, 1)": 0.039266461588838286, "(1, 0)": 0.07196192138883827, "(1, 1)": 0.38912416341116174}}, "S": 2.7435743110038042, "H_A_given_B": 0.11236071009937681}}]}