{
  "0.99": [
    {
      "etaBL": 1.0,
      "keyrate": 0.7364094015807728,
      "probabilities": {
        "AT_probs": {
          "(0, 0)": {
            "(0, 0)": 0.4398119690338766,
            "(0, 1)": 0.10371280701412339,
            "(1, 0)": 0.10371280701412339,
            "(1, 1)": 0.3527624169378767
          },
          "(0, 1)": {
            "(0, 0)": 0.4398119690338766,
            "(0, 1)": 0.10371280701412339,
            "(1, 0)": 0.10371280701412339,
            "(1, 1)": 0.3527624169378767
          },
          "(1, 0)": {
            "(0, 0)": 0.4398119690338766,
            "(0, 1)": 0.10371280701412339,
            "(1, 0)": 0.10371280701412339,
            "(1, 1)": 0.3527624169378767
          },
          "(1, 1)": {
            "(0, 0)": 0.1510263953221805,
            "(0, 1)": 0.3924983807258195,
            "(1, 0)": 0.3924983807258195,
            "(1, 1)": 0.06397684322618044
          }
        },
        "AB_test_probs": {
          "(0, 1)": {
            "(0, 0)": 0.45592607912559935,
            "(0, 1)": 0.08759869692240069,
            "(1, 0)": 0.15852235837440062,
            "(1, 1)": 0.29795286557759937
          },
          "(0, 2)": {
            "(0, 0)": 0.45592607912559935,
            "(0, 1)": 0.08759869692240069,
            "(1, 0)": 0.15852235837440062,
            "(1, 1)": 0.29795286557759937
          },
          "(1, 0)": {
            "(0, 0)": 0.33396794938523106,
            "(0, 1)": 0.20955682666276898,
            "(1, 0)": 0.280480488114769,
            "(1, 1)": 0.17599473583723105
          },
          "(1, 1)": {
            "(0, 0)": 0.45592607912559935,
            "(0, 1)": 0.08759869692240069,
            "(1, 0)": 0.15852235837440062,
            "(1, 1)": 0.29795286557759937
          },
          "(1, 2)": {
            "(0, 0)": 0.21200981964486276,
            "(0, 1)": 0.33151495640313733,
            "(1, 0)": 0.40243861785513724,
            "(1, 1)": 0.054036606096862706
          }
        },
        "AB_key_probs": {
          "(0, 0)": {
            "(0, 0)": 0.5064427905057174,
            "(0, 1)": 0.037081985542282606,
            "(1, 0)": 0.10800564699428257,
            "(1, 1)": 0.3484695769577174
          }
        },
        "S": 2.771858582251266,
        "H_A_given_B": 0.08079313589591124
      }
    },
    {
      "etaBL": 0.975,
      "keyrate": 0.5964672799959019,
      "probabilities": {
        "AT_probs": {
          "(0, 0)": {
            "(0, 0)": 0.4398119690338766,
            "(0, 1)": 0.10371280701412339,
            "(1, 0)": 0.10371280701412339,
            "(1, 1)": 0.3527624169378767
          },
          "(0, 1)": {
            "(0, 0)": 0.4398119690338766,
            "(0, 1)": 0.10371280701412339,
            "(1, 0)": 0.10371280701412339,
            "(1, 1)": 0.3527624169378767
          },
          "(1, 0)": {
            "(0, 0)": 0.4398119690338766,
            "(0, 1)": 0.10371280701412339,
            "(1, 0)": 0.10371280701412339,
            "(1, 1)": 0.3527624169378767
          },
          "(1, 1)": {
            "(0, 0)": 0.1510263953221805,
            "(0, 1)": 0.3924983807258195,
            "(1, 0)": 0.3924983807258195,
            "(1, 1)": 0.06397684322618044
          }
        },
        "AB_test_probs": {
          "(0, 1)": {
            "(0, 0)": 0.45592607912559935,
            "(0, 1)": 0.08759869692240069,
            "(1, 0)": 0.15852235837440062,
            "(1, 1)": 0.29795286557759937
          },
          "(0, 2)": {
            "(0, 0)": 0.45592607912559935,
            "(0, 1)": 0.08759869692240069,
            "(1, 0)": 0.15852235837440062,
            "(1, 1)": 0.29795286557759937
          },
          "(1, 0)": {
            "(0, 0)": 0.33396794938523106,
            "(0, 1)": 0.20955682666276898,
            "(1, 0)": 0.280480488114769,
            "(1, 1)": 0.17599473583723105
          },
          "(1, 1)": {
            "(0, 0)": 0.45592607912559935,
            "(0, 1)": 0.08759869692240069,
            "(1, 0)": 0.15852235837440062,
            "(1, 1)": 0.29795286557759937
          },
          "(1, 2)": {
            "(0, 0)": 0.21200981964486276,
            "(0, 1)": 0.33151495640313733,
            "(1, 0)": 0.40243861785513724,
            "(1, 1)": 0.054036606096862706
          }
        },
        "AB_key_probs": {
          "(0, 0)": {
            "(0, 0)": 0.5064427905057174,
            "(0, 1)": 0.037081985542282606,
            "(1, 0)": 0.10800564699428257,
            "(1, 1)": 0.3484695769577174
          }
        },
        "S": 2.771858582251266,
        "H_A_given_B": 0.08079313589591124
      }
    },
    {
      "etaBL": 0.95,
      "keyrate": 0.4049543112337137,
      "probabilities": {
        "AT_probs": {
          "(0, 0)": {
            "(0, 0)": 0.4398119690338766,
            "(0, 1)": 0.10371280701412339,
            "(1, 0)": 0.10371280701412339,
            "(1, 1)": 0.3527624169378767
          },
          "(0, 1)": {
            "(0, 0)": 0.4398119690338766,
            "(0, 1)": 0.10371280701412339,
            "(1, 0)": 0.10371280701412339,
            "(1, 1)": 0.3527624169378767
          },
          "(1, 0)": {
            "(0, 0)": 0.4398119690338766,
            "(0, 1)": 0.10371280701412339,
            "(1, 0)": 0.10371280701412339,
            "(1, 1)": 0.3527624169378767
          },
          "(1, 1)": {
            "(0, 0)": 0.1510263953221805,
            "(0, 1)": 0.3924983807258195,
            "(1, 0)": 0.3924983807258195,
            "(1, 1)": 0.06397684322618044
          }
        },
        "AB_test_probs": {
          "(0, 1)": {
            "(0, 0)": 0.45592607912559935,
            "(0, 1)": 0.08759869692240069,
            "(1, 0)": 0.15852235837440062,
            "(1, 1)": 0.29795286557759937
          },
          "(0, 2)": {
            "(0, 0)": 0.45592607912559935,
            "(0, 1)": 0.08759869692240069,
            "(1, 0)": 0.15852235837440062,
            "(1, 1)": 0.29795286557759937
          },
          "(1, 0)": {
            "(0, 0)": 0.33396794938523106,
            "(0, 1)": 0.20955682666276898,
            "(1, 0)": 0.280480488114769,
            "(1, 1)": 0.17599473583723105
          },
          "(1, 1)": {
            "(0, 0)": 0.45592607912559935,
            "(0, 1)": 0.08759869692240069,
            "(1, 0)": 0.15852235837440062,
            "(1, 1)": 0.29795286557759937
          },
          "(1, 2)": {
            "(0, 0)": 0.21200981964486276,
            "(0, 1)": 0.33151495640313733,
            "(1, 0)": 0.40243861785513724,
            "(1, 1)": 0.054036606096862706
          }
        },
        "AB_key_probs": {
          "(0, 0)": {
            "(0, 0)": 0.5064427905057174,
            "(0, 1)": 0.037081985542282606,
            "(1, 0)": 0.10800564699428257,
            "(1, 1)": 0.3484695769577174
          }
        },
        "S": 2.771858582251266,
        "H_A_given_B": 0.08079313589591124
      }
    },
    {
      "etaBL": 0.925,
      "keyrate": 0.18196577855297402,
      "probabilities": {
        "AT_probs": {
          "(0, 0)": {
            "(0, 0)": 0.4398119690338766,
            "(0, 1)": 0.10371280701412339,
            "(1, 0)": 0.10371280701412339,
            "(1, 1)": 0.3527624169378767
          },
          "(0, 1)": {
            "(0, 0)": 0.4398119690338766,
            "(0, 1)": 0.10371280701412339,
            "(1, 0)": 0.10371280701412339,
            "(1, 1)": 0.3527624169378767
          },
          "(1, 0)": {
            "(0, 0)": 0.4398119690338766,
            "(0, 1)": 0.10371280701412339,
            "(1, 0)": 0.10371280701412339,
            "(1, 1)": 0.3527624169378767
          },
          "(1, 1)": {
            "(0, 0)": 0.1510263953221805,
            "(0, 1)": 0.3924983807258195,
            "(1, 0)": 0.3924983807258195,
            "(1, 1)": 0.06397684322618044
          }
        },