{
  "1": {
    "AT_probs": {
      "(0, 0)": {
        "(0, 0)": 0.42677669529663687,
        "(0, 1)": 0.07322330470336313,
        "(1, 0)": 0.07322330470336313,
        "(1, 1)": 0.42677669529663687
      },
      "(0, 1)": {
        "(0, 0)": 0.42677669529663687,
        "(0, 1)": 0.07322330470336313,
        "(1, 0)": 0.07322330470336313,
        "(1, 1)": 0.42677669529663687
      },
      "(1, 0)": {
        "(0, 0)": 0.42677669529663687,
        "(0, 1)": 0.07322330470336312,
        "(1, 0)": 0.07322330470336312,
        "(1, 1)": 0.42677669529663687
      },
      "(1, 1)": {
        "(0, 0)": 0.07322330470336312,
        "(0, 1)": 0.42677669529663687,
        "(1, 0)": 0.42677669529663687,
        "(1, 1)": 0.07322330470336312
      }
    },
    "AB_test_probs": {
      "(0, 0)": {},
      "(0, 1)": {
        "(0, 0)": 0.42677669529663687,
        "(0, 1)": 0.07322330470336313,
        "(1, 0)": 0.07322330470336313,
        "(1, 1)": 0.42677669529663687
      },
      "(0, 2)": {
        "(0, 0)": 0.42677669529663687,
        "(0, 1)": 0.07322330470336313,
        "(1, 0)": 0.07322330470336313,
        "(1, 1)": 0.42677669529663687
      },
      "(1, 0)": {
        "(0, 0)": 0.25,
        "(0, 1)": 0.25,
        "(1, 0)": 0.25,
        "(1, 1)": 0.25
      },
      "(1, 1)": {
        "(0, 0)": 0.42677669529663687,
        "(0, 1)": 0.07322330470336312,
        "(1, 0)": 0.07322330470336312,
        "(1, 1)": 0.42677669529663687
      },
      "(1, 2)": {
        "(0, 0)": 0.07322330470336312,
        "(0, 1)": 0.42677669529663687,
        "(1, 0)": 0.42677669529663687,
        "(1, 1)": 0.07322330470336312
      }
    },
    "AB_key_probs": {
      "(0, 0)": { "(0, 0)": 0.5, "(0, 1)": 0.0, "(1, 0)": 0.0, "(1, 1)": 0.5 }
    },
    "S": 2.82842712474619,
    "H_A_given_B": 0.0
  },
  "0.99": {
    "AT_probs": {
      "(0, 0)": {
        "(0, 0)": 0.4250089283436705,
        "(0, 1)": 0.07499107165632951,
        "(1, 0)": 0.07499107165632951,
        "(1, 1)": 0.4250089283436705
      },
      "(0, 1)": {
        "(0, 0)": 0.4250089283436705,
        "(0, 1)": 0.07499107165632951,
        "(1, 0)": 0.07499107165632951,
        "(1, 1)": 0.4250089283436705
      },
      "(1, 0)": {
        "(0, 0)": 0.4250089283436705,
        "(0, 1)": 0.0749910716563295,
        "(1, 0)": 0.07499107165632947,
        "(1, 1)": 0.42500892834367054
      },
      "(1, 1)": {
        "(0, 0)": 0.07499107165632948,
        "(0, 1)": 0.4250089283436706,
        "(1, 0)": 0.42500892834367054,
        "(1, 1)": 0.07499107165632951
      }
    },
    "AB_test_probs": {
      "(0, 0)": {},
      "(0, 1)": {
        "(0, 0)": 0.4250089283436705,
        "(0, 1)": 0.07499107165632951,
        "(1, 0)": 0.07499107165632951,
        "(1, 1)": 0.4250089283436705
      },
      "(0, 2)": {
        "(0, 0)": 0.4250089283436705,
        "(0, 1)": 0.07499107165632951,
        "(1, 0)": 0.07499107165632951,
        "(1, 1)": 0.4250089283436705
      },
      "(1, 0)": {
        "(0, 0)": 0.25,
        "(0, 1)": 0.25,
        "(1, 0)": 0.25,
        "(1, 1)": 0.25
      },
      "(1, 1)": {
        "(0, 0)": 0.4250089283436705,
        "(0, 1)": 0.0749910716563295,
        "(1, 0)": 0.07499107165632947,
        "(1, 1)": 0.42500892834367054
      },
      "(1, 2)": {
        "(0, 0)": 0.07499107165632948,
        "(0, 1)": 0.4250089283436706,
        "(1, 0)": 0.42500892834367054,
        "(1, 1)": 0.07499107165632951
      }
    },
    "AB_key_probs": {
      "(0, 0)": {
        "(0, 0)": 0.4975,
        "(0, 1)": 0.0025000000000000027,
        "(1, 0)": 0.0025000000000000027,
        "(1, 1)": 0.4975
      }
    },
    "S": 2.800142853498728,
    "H_A_given_B": 0.04541469233379414
  },
  "0.98": {
    "AT_probs": {
      "(0, 0)": {
        "(0, 0)": 0.4232411613907041,
        "(0, 1)": 0.07675883860929587,
        "(1, 0)": 0.07675883860929587,
        "(1, 1)": 0.4232411613907041
      },
      "(0, 1)": {
        "(0, 0)": 0.4232411613907041,
        "(0, 1)": 0.07675883860929587,
        "(1, 0)": 0.07675883860929587,
        "(1, 1)": 0.4232411613907041
      },
      "(1, 0)": {
        "(0, 0)": 0.42324116139070417,
        "(0, 1)": 0.07675883860929587,
        "(1, 0)": 0.07675883860929586,
        "(1, 1)": 0.42324116139070417
      },
      "(1, 1)": {
        "(0, 0)": 0.07675883860929585,
        "(0, 1)": 0.4232411613907041,
        "(1, 0)": 0.4232411613907041,
        "(1, 1)": 0.07675883860929586
      }
    },
    "AB_test_probs": {
      "(0, 0)": {},
      "(0, 1)": {
        "(0, 0)": 0.4232411613907041,
        "(0, 1)": 0.07675883860929587,
        "(1, 0)": 0.07675883860929587,
        "(1, 1)": 0.4232411613907041
      },
      "(0, 2)": {
        "(0, 0)": 0.4232411613907041,
        "(0, 1)": 0.07675883860929587,
        "(1, 0)": 0.07675883860929587,
        "(1, 1)": 0.4232411613907041
      },
      "(1, 0)": {
        "(0, 0)": 0.25,
        "(0, 1)": 0.25,
        "(1, 0)": 0.25,
        "(1, 1)": 0.25
      },
      "(1, 1)": {
        "(0, 0)": 0.42324116139070417,
        "(0, 1)": 0.07675883860929587,
        "(1, 0)": 0.07675883860929586,
        "(1, 1)": 0.42324116139070417
      },
      "(1, 2)": {
        "(0, 0)": 0.07675883860929585,
        "(0, 1)": 0.4232411613907041,
        "(1, 0)": 0.4232411613907041,
        "(1, 1)": 0.07675883860929586
      }
    },
    "AB_key_probs": {
      "(0, 0)": {
        "(0, 0)": 0.495,
        "(0, 1)": 0.005000000000000005,
        "(1, 0)": 0.005000000000000005,
        "(1, 1)": 0.495
      }
    },
    "S": 2.771858582251266,
    "H_A_given_B": 0.08079313589591124
  },
  "0.97": {
    "AT_probs": {
      "(0, 0)": {
        "(0, 0)": 0.42147339443773774,
        "(0, 1)": 0.07852660556226224,
        "(1, 0)": 0.07852660556226224,
        "(1, 1)": 0.42147339443773774
      },
      "(0, 1)": {
        "(0, 0)": 0.42147339443773774,
        "(0, 1)": 0.07852660556226224,
        "(1, 0)": 0.07852660556226224,
        "(1, 1)": 0.42147339443773774
      },
      "(1, 0)": {
        "(0, 0)": 0.4214733944377378,
        "(0, 1)": 0.07852660556226225,
        "(1, 0)": 0.07852660556226224,
        "(1, 1)": 0.42147339443773785
      },
      "(1, 1)": {
        "(0, 0)": 0.07852660556226222,
        "(0, 1)": 0.4214733944377378,
        "(1, 0)": 0.42147339443773774,
        "(1, 1)": 0.07852660556226224
      }
    },
    "AB_test_probs": {
      "(0, 0)": {},
      "(0, 1)": {
        "(0, 0)": 0.42147339443773774,
        "(0, 1)": 0.07852660556226224,
        "(1, 0)": 0.07852660556226224,
        "(1, 1)": 0.42147339443773774
      },
      "(0, 2)": {
        "(0, 0)": 0.42147339443773774,
        "(0, 1)": 0.07852660556226224,
        "(1, 0)": 0.07852660556226224,
        "(1, 1)": 0.42147339443773774
      },
      "(1, 0)": {
        "(0, 0)": 0.25,
        "(0, 1)": 0.25,
        "(1, 0)": 0.25,
        "(1, 1)": 0.25
      },
      "(1, 1)": {
        "(0, 0)": 0.4214733944377378,
        "(0, 1)": 0.07852660556226225,
        "(1, 0)": 0.07852660556226224,
        "(1, 1)": 0.42147339443773785
      },
      "(1, 2)": {
        "(0, 0)": 0.07852660556226222,
        "(0, 1)": 0.4214733944377378,
        "(1, 0)": 0.42147339443773774,
        "(1, 1)": 0.07852660556226224
      }
    },
    "AB_key_probs": {
      "(0, 0)": {
        "(0, 0)": 0.4925,
        "(0, 1)": 0.007500000000000008,
        "(1, 0)": 0.007500000000000008,
        "(1, 1)": 0.4925
      }
    },
    "S": 2.7435743110038042,
    "H_A_given_B": 0.11236071009937681
  },
  "0.96": {
    "AT_probs": {
      "(0, 0)": {
        "(0, 0)": 0.4197056274847714,
        "(0, 1)": 0.08029437251522861,
        "(1, 0)": 0.08029437251522861,
        "(1, 1)": 0.4197056274847714
      },
      "(0, 1)": {
        "(0, 0)": 0.4197056274847714,
        "(0, 1)": 0.08029437251522861,
        "(1, 0)": 0.08029437251522861,
        "(1, 1)": 0.4197056274847714
      },