{
    "P_short": {
        "(1, 1)": {
            "(0, 0)": 0.0732233047033614,
            "(0, 1)": 0.4267766952966386,
            "(1, 0)": 0.4267766952966386,
            "(1, 1)": 0.0732233047033614
        },
        "(0, 1)": {
            "(0, 0)": 0.4267766952966386,
            "(0, 1)": 0.07322330470336137,
            "(1, 0)": 0.07322330470336137,
            "(1, 1)": 0.4267766952966386
        },
        "(0, 0)": {
            "(0, 0)": 0.4267766952966384,
            "(0, 1)": 0.07322330470336158,
            "(1, 0)": 0.07322330470336158,
            "(1, 1)": 0.4267766952966384
        },
        "(1, 0)": {
            "(0, 0)": 0.42677669529663936,
            "(0, 1)": 0.07322330470336064,
            "(1, 0)": 0.07322330470336064,
            "(1, 1)": 0.42677669529663936
        }
    },
    "P_long": {
        "(1, 0)": {
            "(0, 0)": 0.25,
            "(0, 1)": 0.25,
            "(1, 0)": 0.25,
            "(1, 1)": 0.25
        },
        "(0, 1)": {
            "(0, 0)": 0.4267766952966395,
            "(0, 1)": 0.07322330470336055,
            "(1, 0)": 0.07322330470336055,
            "(1, 1)": 0.4267766952966395
        },
        "(1, 1)": {
            "(0, 0)": 0.4267766952966395,
            "(0, 1)": 0.07322330470336053,
            "(1, 0)": 0.07322330470336053,
            "(1, 1)": 0.4267766952966395
        },
        "(0, 2)": {
            "(0, 0)": 0.42677669529663953,
            "(0, 1)": 0.07322330470336047,
            "(1, 0)": 0.07322330470336047,
            "(1, 1)": 0.42677669529663953
        },
        "(1, 2)": {
            "(0, 0)": 0.0732233047033606,
            "(0, 1)": 0.4267766952966394,
            "(1, 0)": 0.4267766952966394,
            "(1, 1)": 0.0732233047033606
        }
    },
    "P_key": {
        "(0, 0)": {
            "(0, 0)": 0.5,
            "(0, 1)": 0.0,
            "(1, 0)": 0.0,
            "(1, 1)": 0.5
        }
    }
}