{
    "P_short": {
        "(0, 0)": {
            "(0, 0)": 0.4179378605317998,
            "(0, 1)": 0.08206213946820017,
            "(1, 0)": 0.08206213946820017,
            "(1, 1)": 0.4179378605317998
        },
        "(1, 1)": {
            "(0, 0)": 0.08206213946819983,
            "(0, 1)": 0.4179378605318001,
            "(1, 0)": 0.4179378605318001,
            "(1, 1)": 0.08206213946819983
        },
        "(1, 0)": {
            "(0, 0)": 0.41793786053180015,
            "(0, 1)": 0.08206213946819983,
            "(1, 0)": 0.08206213946819983,
            "(1, 1)": 0.41793786053180015
        },
        "(0, 1)": {
            "(0, 0)": 0.41793786053180015,
            "(0, 1)": 0.08206213946819983,
            "(1, 0)": 0.08206213946819983,
            "(1, 1)": 0.41793786053180015
        }
    },
    "P_long": {
        "(0, 1)": {
            "(0, 0)": 0.41793786053179893,
            "(0, 1)": 0.08206213946820108,
            "(1, 0)": 0.08206213946820108,
            "(1, 1)": 0.41793786053179893
        },
        "(1, 2)": {
            "(0, 0)": 0.08206213946820107,
            "(0, 1)": 0.417937860531799,
            "(1, 0)": 0.417937860531799,
            "(1, 1)": 0.08206213946820107
        },
        "(1, 0)": {
            "(0, 0)": 0.25,
            "(0, 1)": 0.25,
            "(1, 0)": 0.25,
            "(1, 1)": 0.25
        },
        "(0, 2)": {
            "(0, 0)": 0.4179378605317991,
            "(0, 1)": 0.08206213946820087,
            "(1, 0)": 0.08206213946820087,
            "(1, 1)": 0.4179378605317991
        },
        "(1, 1)": {
            "(0, 0)": 0.41793786053179915,
            "(0, 1)": 0.08206213946820089,
            "(1, 0)": 0.08206213946820089,
            "(1, 1)": 0.41793786053179915
        }
    },
    "P_key": {
        "(0, 0)": {
            "(0, 0)": 0.48750000000000293,
            "(0, 1)": 0.012499999999997069,
            "(1, 0)": 0.012499999999997069,
            "(1, 1)": 0.48750000000000293
        }
    }
}