{
    "P_short": {
        "(0, 0)": {
            "(0, 0)": 0.42147339443773096,
            "(0, 1)": 0.07852660556226902,
            "(1, 0)": 0.07852660556226902,
            "(1, 1)": 0.42147339443773096
        },
        "(1, 1)": {
            "(0, 0)": 0.0785266055622692,
            "(0, 1)": 0.42147339443773085,
            "(1, 0)": 0.42147339443773085,
            "(1, 1)": 0.0785266055622692
        },
        "(1, 0)": {
            "(0, 0)": 0.4214733944377309,
            "(0, 1)": 0.0785266055622691,
            "(1, 0)": 0.0785266055622691,
            "(1, 1)": 0.4214733944377309
        },
        "(0, 1)": {
            "(0, 0)": 0.42147339443773096,
            "(0, 1)": 0.07852660556226905,
            "(1, 0)": 0.07852660556226905,
            "(1, 1)": 0.42147339443773096
        }
    },
    "P_long": {
        "(0, 2)": {
            "(0, 0)": 0.42147339443773313,
            "(0, 1)": 0.07852660556226686,
            "(1, 0)": 0.07852660556226686,
            "(1, 1)": 0.42147339443773313
        },
        "(1, 0)": {
            "(0, 0)": 0.25,
            "(0, 1)": 0.25,
            "(1, 0)": 0.25,
            "(1, 1)": 0.25
        },
        "(0, 1)": {
            "(0, 0)": 0.42147339443773335,
            "(0, 1)": 0.07852660556226668,
            "(1, 0)": 0.07852660556226668,
            "(1, 1)": 0.42147339443773335
        },
        "(1, 1)": {
            "(0, 0)": 0.4214733944377332,
            "(0, 1)": 0.07852660556226683,
            "(1, 0)": 0.07852660556226683,
            "(1, 1)": 0.4214733944377332
        },
        "(1, 2)": {
            "(0, 0)": 0.07852660556226695,
            "(0, 1)": 0.42147339443773296,
            "(1, 0)": 0.42147339443773296,
            "(1, 1)": 0.07852660556226695
        }
    },
    "P_key": {
        "(0, 0)": {
            "(0, 0)": 0.4925000000000025,
            "(0, 1)": 0.0074999999999975095,
            "(1, 0)": 0.0074999999999975095,
            "(1, 1)": 0.4925000000000025
        }
    }
}