{
    "P_short": {
        "(1, 0)": {
            "(0, 0)": 0.4250089283436695,
            "(0, 1)": 0.07499107165633057,
            "(1, 0)": 0.07499107165633057,
            "(1, 1)": 0.4250089283436695
        },
        "(0, 0)": {
            "(0, 0)": 0.42500892834366943,
            "(0, 1)": 0.07499107165633064,
            "(1, 0)": 0.07499107165633064,
            "(1, 1)": 0.42500892834366943
        },
        "(0, 1)": {
            "(0, 0)": 0.4250089283436693,
            "(0, 1)": 0.07499107165633075,
            "(1, 0)": 0.07499107165633075,
            "(1, 1)": 0.4250089283436693
        },
        "(1, 1)": {
            "(0, 0)": 0.07499107165633072,
            "(0, 1)": 0.42500892834366927,
            "(1, 0)": 0.42500892834366927,
            "(1, 1)": 0.07499107165633072
        }
    },
    "P_long": {
        "(0, 1)": {
            "(0, 0)": 0.4250089283436692,
            "(0, 1)": 0.0749910716563308,
            "(1, 0)": 0.0749910716563308,
            "(1, 1)": 0.4250089283436692
        },
        "(1, 0)": {
            "(0, 0)": 0.25,
            "(0, 1)": 0.25,
            "(1, 0)": 0.25,
            "(1, 1)": 0.25
        },
        "(1, 2)": {
            "(0, 0)": 0.07499107165633087,
            "(0, 1)": 0.4250089283436691,
            "(1, 0)": 0.4250089283436691,
            "(1, 1)": 0.07499107165633087
        },
        "(1, 1)": {
            "(0, 0)": 0.4250089283436693,
            "(0, 1)": 0.07499107165633064,
            "(1, 0)": 0.07499107165633064,
            "(1, 1)": 0.4250089283436693
        },
        "(0, 2)": {
            "(0, 0)": 0.42500892834366905,
            "(0, 1)": 0.07499107165633095,
            "(1, 0)": 0.07499107165633095,
            "(1, 1)": 0.42500892834366905
        }
    },
    "P_key": {
        "(0, 0)": {
            "(0, 0)": 0.4975,
            "(0, 1)": 0.002500000000000033,
            "(1, 0)": 0.002500000000000033,
            "(1, 1)": 0.4975
        }
    }
}