{
    "P_short": {
        "(1, 1)": {
            "(0, 0)": 0.08382990642116495,
            "(0, 1)": 0.41617009357883505,
            "(1, 0)": 0.41617009357883505,
            "(1, 1)": 0.08382990642116495
        },
        "(1, 0)": {
            "(0, 0)": 0.416170093578835,
            "(0, 1)": 0.08382990642116497,
            "(1, 0)": 0.08382990642116497,
            "(1, 1)": 0.416170093578835
        },
        "(0, 0)": {
            "(0, 0)": 0.4161700935788351,
            "(0, 1)": 0.08382990642116497,
            "(1, 0)": 0.08382990642116497,
            "(1, 1)": 0.4161700935788351
        },
        "(0, 1)": {
            "(0, 0)": 0.41617009357883505,
            "(0, 1)": 0.08382990642116495,
            "(1, 0)": 0.08382990642116495,
            "(1, 1)": 0.41617009357883505
        }
    },
    "P_long": {
        "(1, 0)": {
            "(0, 0)": 0.25,
            "(0, 1)": 0.25,
            "(1, 0)": 0.25,
            "(1, 1)": 0.25
        },
        "(0, 1)": {
            "(0, 0)": 0.41617009357883616,
            "(0, 1)": 0.08382990642116382,
            "(1, 0)": 0.08382990642116382,
            "(1, 1)": 0.41617009357883616
        },
        "(1, 2)": {
            "(0, 0)": 0.08382990642116385,
            "(0, 1)": 0.4161700935788361,
            "(1, 0)": 0.4161700935788361,
            "(1, 1)": 0.08382990642116385
        },
        "(0, 2)": {
            "(0, 0)": 0.4161700935788363,
            "(0, 1)": 0.08382990642116372,
            "(1, 0)": 0.08382990642116372,
            "(1, 1)": 0.4161700935788363
        },
        "(1, 1)": {
            "(0, 0)": 0.41617009357883616,
            "(0, 1)": 0.08382990642116384,
            "(1, 0)": 0.08382990642116384,
            "(1, 1)": 0.41617009357883616
        }
    },
    "P_key": {
        "(0, 0)": {
            "(0, 0)": 0.48500000000000143,
            "(0, 1)": 0.014999999999998547,
            "(1, 0)": 0.014999999999998547,
            "(1, 1)": 0.48500000000000143
        }
    }
}