{
    "P_short": {
        "(0, 1)": {
            "(0, 0)": 0.41970562748476653,
            "(0, 1)": 0.08029437251523351,
            "(1, 0)": 0.08029437251523351,
            "(1, 1)": 0.41970562748476653
        },
        "(1, 1)": {
            "(0, 0)": 0.08029437251523328,
            "(0, 1)": 0.41970562748476675,
            "(1, 0)": 0.41970562748476675,
            "(1, 1)": 0.08029437251523328
        },
        "(1, 0)": {
            "(0, 0)": 0.41970562748476625,
            "(0, 1)": 0.08029437251523376,
            "(1, 0)": 0.08029437251523376,
            "(1, 1)": 0.41970562748476625
        },
        "(0, 0)": {
            "(0, 0)": 0.41970562748476653,
            "(0, 1)": 0.08029437251523351,
            "(1, 0)": 0.08029437251523351,
            "(1, 1)": 0.41970562748476653
        }
    },
    "P_long": {
        "(1, 0)": {
            "(0, 0)": 0.25,
            "(0, 1)": 0.25,
            "(1, 0)": 0.25,
            "(1, 1)": 0.25
        },
        "(0, 2)": {
            "(0, 0)": 0.41970562748477,
            "(0, 1)": 0.08029437251522994,
            "(1, 0)": 0.08029437251522994,
            "(1, 1)": 0.41970562748477
        },
        "(1, 2)": {
            "(0, 0)": 0.08029437251522996,
            "(0, 1)": 0.4197056274847701,
            "(1, 0)": 0.4197056274847701,
            "(1, 1)": 0.08029437251522996
        },
        "(0, 1)": {
            "(0, 0)": 0.41970562748477,
            "(0, 1)": 0.08029437251522997,
            "(1, 0)": 0.08029437251522997,
            "(1, 1)": 0.41970562748477
        },
        "(1, 1)": {
            "(0, 0)": 0.41970562748477,
            "(0, 1)": 0.08029437251522993,
            "(1, 0)": 0.08029437251522993,
            "(1, 1)": 0.41970562748477
        }
    },
    "P_key": {
        "(0, 0)": {
            "(0, 0)": 0.48999999999999505,
            "(0, 1)": 0.010000000000004942,
            "(1, 0)": 0.010000000000004942,
            "(1, 1)": 0.48999999999999505
        }
    }
}