{
    "P_short": {
        "(0, 0)": {
            "(0, 0)": 0.42324116139070583,
            "(0, 1)": 0.07675883860929415,
            "(1, 0)": 0.07675883860929415,
            "(1, 1)": 0.42324116139070583
        },
        "(1, 0)": {
            "(0, 0)": 0.42324116139070583,
            "(0, 1)": 0.07675883860929415,
            "(1, 0)": 0.07675883860929415,
            "(1, 1)": 0.42324116139070583
        },
        "(1, 1)": {
            "(0, 0)": 0.07675883860929415,
            "(0, 1)": 0.42324116139070583,
            "(1, 0)": 0.42324116139070583,
            "(1, 1)": 0.07675883860929415
        },
        "(0, 1)": {
            "(0, 0)": 0.42324116139070583,
            "(0, 1)": 0.07675883860929417,
            "(1, 0)": 0.07675883860929417,
            "(1, 1)": 0.42324116139070583
        }
    },
    "P_long": {
        "(0, 1)": {
            "(0, 0)": 0.4232411613907057,
            "(0, 1)": 0.07675883860929426,
            "(1, 0)": 0.07675883860929426,
            "(1, 1)": 0.4232411613907057
        },
        "(1, 0)": {
            "(0, 0)": 0.25,
            "(0, 1)": 0.25,
            "(1, 0)": 0.25,
            "(1, 1)": 0.25
        },
        "(0, 2)": {
            "(0, 0)": 0.4232411613907057,
            "(0, 1)": 0.07675883860929428,
            "(1, 0)": 0.07675883860929428,
            "(1, 1)": 0.4232411613907057
        },
        "(1, 1)": {
            "(0, 0)": 0.4232411613907057,
            "(0, 1)": 0.07675883860929428,
            "(1, 0)": 0.07675883860929428,
            "(1, 1)": 0.4232411613907057
        },
        "(1, 2)": {
            "(0, 0)": 0.07675883860929428,
            "(0, 1)": 0.4232411613907057,
            "(1, 0)": 0.4232411613907057,
            "(1, 1)": 0.07675883860929428
        }
    },
    "P_key": {
        "(0, 0)": {
            "(0, 0)": 0.49499999999999805,
            "(0, 1)": 0.0050000000000019525,
            "(1, 0)": 0.0050000000000019525,
            "(1, 1)": 0.49499999999999805
        }
    }
}